reviewid,content,sentiment,product,price,delivery,service,app,sentiment_original,sentiment_changed,content_polarity,mismatch_reason,flagged,product_prefill,price_prefill,delivery_prefill,service_prefill,app_prefill,prefill_review_note
1fb9ccff-a034-48a8-a8bf-3efef218ae34,Cần sử lý đuổi mấy shop lừa đảo,negative,0,0,0,0,0,positive,True,negative,score-based sentiment is positive but content looks negative,True,0,0,0,0,0,review sentiment auto-adjusted; manual review recommended; all aspects are 0; verify if review is general
0f1a7f4f-7ed2-4c57-bde6-049190910d3b,"hơi thiếu chuyên nghiệp , không hiện tiền ship - không hiện địa điểm shop",negative,0,1,1,0,0,negative,False,negative,,False,0,1,1,0,0,
4f0cdab5-2638-4673-9f1c-c5af636a9507,"ngày càng tệ,cho xuống 3.*",neutral,0,0,0,0,0,neutral,False,unclear,,False,0,0,0,0,0,all aspects are 0; verify if review is general
906ff0c9-7d45-49c8-a0e0-d1f957d916c7,tôi rất thích,positive,0,0,0,0,0,positive,False,positive,,False,0,0,0,0,0,all aspects are 0; verify if review is general
d9194409-d9b7-4163-ab1e-6fa80410bde1,Đặt hàng ngày cn 2/2/2020 hẹn thứ 3 ngày 4/2/2020 giao mà cuối cùng không giao Giao hàng vô trách nhiệm,negative,1,0,1,0,0,negative,False,negative,,False,1,0,1,0,0,
72b13d86-ab29-471e-8356-ccb1fa03c286,Hang nhanh phi giam rat tot,positive,0,0,0,0,0,neutral,True,positive,score-based sentiment is neutral but content looks positive,True,0,0,0,0,0,review sentiment auto-adjusted; manual review recommended; all aspects are 0; verify if review is general
b2d41e2b-944a-4938-995e-2c8856393824,mua đồng hồ chống nước,positive,0,0,0,0,0,positive,False,unclear,,False,0,0,0,0,0,all aspects are 0; verify if review is general
7342e0f1-8c0e-45c8-b065-d912d7cf07c4,Ứng dụng mua sắm,neutral,0,0,0,0,1,neutral,False,unclear,,False,0,0,0,0,1,
672b5cc9-a926-4f08-ad71-3ba8cd6c421b,"App rất nhanh, không phải đợi load thông tin 92ma",positive,0,0,0,0,1,positive,False,unclear,,False,0,0,0,0,1,
73614626-a54f-41d4-aefa-0ee9944f4a44,"Khá tệ, chả hiện sản phẩm cần mua mà cứ báo lỗi.",negative,1,0,0,0,1,negative,False,negative,,False,1,0,0,0,1,
a7201f8c-2dff-417a-bf7e-934440d7b83e,Mình dùng thấy ok,neutral,0,0,0,0,0,neutral,False,unclear,,False,0,0,0,0,0,all aspects are 0; verify if review is general
c40cfe4c-c82b-4475-8039-37cd1582802e,Làm ơn đừng hiện quảng cáo ép người ta cài đặt ứng dụng nữa,negative,0,0,0,0,1,negative,False,unclear,,False,0,0,0,0,1,
5a988de3-ac25-4e3f-9bb7-e0b91799326d,Thấy nói 39k 11k Freeship mà ấn vào tiền ship cao hơn tiền mua.xạo lz,neutral,0,1,1,0,0,neutral,False,unclear,,False,0,1,1,0,0,
e40fe441-3177-4af2-b346-4c94a6e3a844,Mỗi lần vào đều phải đăng nhập lại thực sự khó chịu,negative,0,0,0,0,1,negative,False,negative,,False,0,0,0,0,1,
5bdc3a05-fdf2-443c-bd90-261c3b773c83,Rất nhiều đồ rẻ mà còn chất lượng nữa,positive,1,1,0,0,0,neutral,True,positive,score-based sentiment is neutral but content looks positive,True,1,1,0,0,0,review sentiment auto-adjusted; manual review recommended
4b9855b9-7e38-428b-9a44-3ef6441901ae,San phẩm tốt,positive,0,0,0,0,0,positive,False,unclear,,False,0,0,0,0,0,all aspects are 0; verify if review is general
acbc3de1-7393-4808-b8d9-047d11659887,sản phẩm tốt như trong hình,positive,1,0,0,0,0,positive,False,unclear,,False,1,0,0,0,0,
af0a5fdc-a937-4400-aced-55828935a666,"Có một số mặt hàng vẫn chưa được bày bán, mong tiki có thêm nhiều sản phẩm hơn",neutral,1,0,0,0,0,neutral,False,unclear,,False,1,0,0,0,0,
ee450e21-b31f-4e81-ad35-55d5f036fce2,"Shop quảng cáo láo, k trung thực đề nghị tẩy chay",negative,0,0,0,0,0,negative,False,unclear,,False,0,0,0,0,0,all aspects are 0; verify if review is general
8ef302a7-dadb-445a-9a6b-820adeba16fc,Xử lý đơn hàng quá chậm.tôi đặt mua cái loa mà 3 ngày rồi mà đơn hàng vẫn chưa xử lý..gọi shop thì ko bắt máy,negative,1,0,0,0,1,negative,False,negative,,False,1,0,0,0,1,
08cf70f5-7a43-4050-af3d-6b7b83747283,Như quần què Mua không sản phẩm toàn là giấy Mn đừng tải về,negative,1,0,0,0,0,negative,False,unclear,,False,1,0,0,0,0,
eff9a83c-733e-4e63-9812-eb9e6b9b1661,Quá tệ. Đơn giao quá lâu. Giao trễ thì không một thông báo. Gọi điện thì ko ai nghe. Ko coi khách hàng ra gì. Tệ hơn tiki hay lazada rất nhiều. Chatbot vô dụng không giải quyết được gì.cho 1 sao vì không có 0 sao.,negative,1,0,0,0,0,negative,False,negative,,False,1,0,0,0,0,
2fd296fd-1a2b-4902-adcc-788d25c051c7,Tại sao tải ứng dụng về rồi không mở được.,negative,0,0,0,0,1,neutral,True,negative,score-based sentiment is neutral but content looks negative,True,0,0,0,0,1,review sentiment auto-adjusted; manual review recommended
42d259b8-90ba-453b-90a5-a194e07f84b3,Nơi mua sắm uy tín và tiện lợi.,positive,0,0,0,0,0,positive,False,positive,,False,0,0,0,0,0,all aspects are 0; verify if review is general
64825b97-b7ff-444e-99c0-e4842a467c89,Phan ngọc diệp có vay trung thương mà ko sen do phan hoi gì hết,negative,0,0,0,0,0,negative,False,unclear,,False,0,0,0,0,0,all aspects are 0; verify if review is general
a08d6f93-038f-4149-902a-de77565bb4fa,"Quảng cáo lắm, đang xem hàng để đặt thì cứ quảng cáo tiki app😓",negative,1,0,0,0,1,negative,False,unclear,,False,1,0,0,0,1,
45bc5a79-cceb-4a3a-94ff-2320cce24e1a,"Tiki lừa nha mn, lúc đầu mk đặt hàng là nó để 5/02 lúc sao mình zô coi lại để 10/02 mà vài ngày sau mình zô coi lại thì thấy nó tự hủy đơn r mình liên hệ shop shop k có câu tr.lời",negative,1,0,0,0,0,negative,False,unclear,,False,1,0,0,0,0,
67d81298-f03e-45b6-8e7f-53377aed3389,"Làm việc quá sơ sài,khách ghi rõ địa chỉ như thế,mà đến khi vào phần tổng,ở đâu lòi ra thêm 1 cái phường khác,xong kéo dài thời gian giao hàng ra,đơn hàng chỉ trong thành phố từ Gò Vấp về Bình Tân,mà kéo dài cả tuần lễ,nhắn hỏi hàng nằm đâu,thì chỉ nhận được 1 câu trả lời,khi nào có cụ thể sẽ báo,bỏ hết công ăn chuyện làm để đợi lấy hàng do cần gấp mà gặp kiểu giao hàng này",negative,1,0,1,0,1,negative,False,unclear,,False,1,0,1,0,1,
4d78f313-049a-4887-b66e-f1e1aef44d8d,Tot.......!,positive,0,0,0,0,0,positive,False,unclear,,False,0,0,0,0,0,all aspects are 0; verify if review is general
94f116de-6647-42c5-be88-26a30486ab07,Đặt đồ bận quá rộng quá tiết cho 1 ứng dụng k để size cho mình chọn tôi phê bình trực tiếp ứng dụng này,negative,1,0,0,0,1,negative,False,unclear,,False,1,0,0,0,1,
a4e4bf4c-de12-4446-9a0a-86a907d09ca9,Tiki ug dung tot,neutral,0,0,0,0,0,neutral,False,unclear,,False,0,0,0,0,0,all aspects are 0; verify if review is general
3dd5dbe6-1219-4b33-a105-967d94972612,tin tưởng và tiện lợi,positive,0,0,0,0,0,positive,False,unclear,,False,0,0,0,0,0,all aspects are 0; verify if review is general
33c5d51b-9090-40f2-ba49-866578107d83,Ví sen không sử dụng được cho dù đã chứng thực rồi.,positive,0,0,0,0,0,positive,False,unclear,,False,0,0,0,0,0,all aspects are 0; verify if review is general
b9eced5f-2bc3-4f90-bae1-1388f39956e2,ứng dụng như cc cứ một lúc là bị out ra,negative,0,0,0,0,1,negative,False,unclear,,False,0,0,0,0,1,
bf76341d-bffb-4d18-bd7b-fecd615c9f77,May mắn thì được nhân viên tốt bụng giao hàng còn xui xẻo thì được nhân viên giao hàng tệ hại và cục súc và bố láo nhân cục súc gọi điện hét vào mặt người mua lên chấm 3 sao⭐,negative,1,0,1,1,0,neutral,True,negative,score-based sentiment is neutral but content looks negative,True,1,0,1,1,0,review sentiment auto-adjusted; manual review recommended
48290157-8509-49da-9ea2-97fc0d2049e3,TOI MON CO DONG HO THONG MINH TOI DANG DA A GRFIFG BHHHH,positive,0,0,0,0,0,positive,False,unclear,,False,0,0,0,0,0,all aspects are 0; verify if review is general
2a8913fa-b56a-4b26-800e-01353d018264,Em đặt hàng từ hồi T7 mà bây giờ vẫn chưa giao là sao ạ?,neutral,1,0,0,0,0,neutral,False,unclear,,False,1,0,0,0,0,
0487e372-14bf-47a5-ba65-8b754954b12a,100000000000000000000000000000000000000000000000000000000000000000000000000000000000000000000000000000000000000000000danh cho TIKI,positive,0,0,0,0,0,positive,False,unclear,,False,0,0,0,0,0,all aspects are 0; verify if review is general
9fc51088-7d3c-4094-a560-666c857b8b4a,Nó cũng hay đấy.,neutral,0,0,0,0,0,neutral,False,unclear,,False,0,0,0,0,0,all aspects are 0; verify if review is general
ba45a490-2a2f-436e-bcc2-976e010abd06,Bảo giảm giá mà mắc quá shopee bán rẻ hơn nhìu,neutral,0,1,0,0,0,neutral,False,unclear,,False,0,1,0,0,0,
44600cd0-5b46-42fb-ad7d-40b07542bcf1,Khâu khắc phục lỗi của sp cực lâu. Đã gửi đủ thông tin và bên tiki đã tiếp nhận nhưng trong 1 tuần vẫn chưa thấy gì,negative,0,0,0,1,0,neutral,True,negative,score-based sentiment is neutral but content looks negative,True,0,0,0,0,1,review sentiment auto-adjusted; manual review recommended
a18d9139-b6ed-4aba-86c7-cb269b2a8c45,"Tiki làm ăn uy tín, mình rất hài lòng",positive,0,0,0,0,0,positive,False,positive,,False,0,0,0,0,0,all aspects are 0; verify if review is general
169b5561-adea-4152-afdd-dd4d94472435,cập nhật xong mất luôn cái tài khoản 😌????,neutral,0,0,0,0,1,neutral,False,unclear,,False,0,0,0,0,1,
fa8bb556-130e-4118-9b4f-1a65cf574318,Giao hành trc dự kiến..nhưng shipper thiếu lịch sự,negative,0,0,1,0,0,negative,False,unclear,,False,0,0,1,0,0,
99c4f4ef-59f8-42a6-81aa-bb8d43840c54,"Đặt hàng 1 tháng không thấy đâu, gửi mail thì ko thèm trả lời, gọi tổng đài không bắt máy, gọi được thì bảo do dịch nên thông cảm, trong khi các sàn thương mại khác hàng vẫn chạy đều, vậy các anh đóng băng hoạt động luôn à? Các anh bảo hàng chậm 7-10 ngày nhưng đây chậm 1 tháng xem có chịu nổi không, rồi hủy đơn cũng ko cho hủy, gửi thì cũng ko gửi, 1 sao là xứng đáng, xin chào tạm biệt luôn",negative,1,0,0,0,0,negative,False,negative,,False,1,0,0,0,0,
297a7dec-42c1-42d7-92de-9b6828e65a28,lỗi hoài chán,negative,0,0,0,0,1,neutral,True,negative,score-based sentiment is neutral but content looks negative,True,0,0,0,0,1,review sentiment auto-adjusted; manual review recommended
936cf1ef-7578-4fe7-bcb7-814d4b2ea734,Giao diện khó dùng. Ít đồ,neutral,0,0,0,0,0,neutral,False,unclear,,False,0,0,0,0,0,all aspects are 0; verify if review is general
38b9212b-1bbd-435e-ba36-512405e98cc1,Xài app thì tốt đấy ổn định nhưng hàng muốn tìm thì ít quá ko nhiều muốn mua thì phải mua bên khác,neutral,1,0,0,0,1,neutral,False,unclear,,False,1,0,0,0,1,
9646a499-fb4d-48fa-bfd2-7e1a724148b3,"Ứng dụng chưa nhanh còn chậm, và chưa thể đăng xuất tài khoản khác được.",neutral,0,0,0,0,1,neutral,False,unclear,,False,0,0,0,0,1,
1075914d-71e9-4324-a14f-1b4be792a2ef,như cặc nhập tên đủ r mà vẫn như lồn,negative,0,0,0,0,0,negative,False,unclear,,False,0,0,0,0,0,all aspects are 0; verify if review is general
40af547d-f5d8-40dc-9d37-e311b19db203,Thủ tục đặt hàng hơi lâu,neutral,1,0,0,0,0,neutral,False,unclear,,False,1,0,0,0,0,
3bcda114-be74-48d4-aad0-69c386b32490,Giá cao. Mặt hàng cũng như bao chỗ khác. Một ngày gửi không biết bao nhiêu cái POPUP quảng cáo. Chắc gấp 3-4 lần lzd+shopee cộng lại. Thật sự rất phiền phức. Không khuyến khích mua ở TIKI,negative,1,1,0,0,0,negative,False,unclear,,False,1,1,0,0,0,
688feeff-b090-449f-820c-0382d16417a9,"Giao hàng chậm, nhân viên giao hàng có khi còn không báo trước, thái độ không tốt.",negative,1,0,1,1,0,negative,False,unclear,,False,1,0,1,1,0,
63d77519-c2d6-4e6d-9390-a5f0d49298c7,Giao hang châm,negative,0,0,0,0,0,negative,False,unclear,,False,0,0,0,0,0,all aspects are 0; verify if review is general
bec362ff-12d4-467a-96a0-d652485da64f,Hàng giống mẫu.Giao hàng nhanh. Tôi hài long,positive,1,0,1,0,0,positive,False,positive,,False,1,0,1,0,0,
9f360be7-3c82-448e-ad43-3a144171a10a,khá làm phiền,neutral,0,0,0,0,0,neutral,False,unclear,,False,0,0,0,0,0,all aspects are 0; verify if review is general
f04bb8ad-8995-496a-80fe-5a5c7a408d8c,Con xem chất lượng hàng về đến nơi có đúng hay không nhé,positive,1,0,0,0,0,neutral,True,positive,score-based sentiment is neutral but content looks positive,True,1,0,0,0,0,review sentiment auto-adjusted; manual review recommended
738630ea-4d8e-4296-b75e-82d2d296c36a,Chị thu ơi bướm gái ok,positive,0,0,0,0,0,positive,False,unclear,,False,0,0,0,0,0,all aspects are 0; verify if review is general
80f8f9ff-24d3-41ab-a1c3-a609a65a6819,Vào giỏ hàng báo lỗi thoát ra suốt. Thích sản phẩm thì bắt đăng nhập trong khi đã đăng nhập,neutral,1,0,0,0,1,neutral,False,unclear,,False,1,0,0,0,1,
0c544e42-5d82-48a3-b979-9808e9255849,Khong thich,negative,0,0,0,0,0,negative,False,unclear,,False,0,0,0,0,0,all aspects are 0; verify if review is general
12e0a169-8c53-4a24-9f74-43d87ce90a69,Tờ ê tê nặng tệ.,negative,0,0,0,0,0,negative,False,unclear,,False,0,0,0,0,0,all aspects are 0; verify if review is general
e75e2e9c-4280-446d-8325-ecad9b951d7e,"Giao hàng quá lâu.không thể mua hang,gửi đánh giá hay đặt câu hỏi trên ứng dụng",negative,1,1,1,0,1,negative,False,unclear,,False,1,1,1,0,1,
9c91e2b3-a738-4d1c-8ed0-430c64e3afc5,App rất hay nhưng giao hàng thì hãm🙂 ko biết đường thì đừng làm shipper🙂 địa chỉ chi tiết như thế mà ko biết lại còn gọi điện cằn nhằn với khách hàng🙂 làm vậy ai mua 🙂,neutral,1,0,1,0,1,neutral,False,unclear,,False,1,0,1,0,1,
a6d17d9c-fcbf-4c68-be39-2457a7d82673,t rất hài lòng,positive,0,0,0,0,0,positive,False,positive,,False,0,0,0,0,0,all aspects are 0; verify if review is general
80c7364c-0594-416d-a4d8-81289781d3b0,"Trên tiki mua sách thì siêu rẻ, khỏi phải bàn. Còn những món khác như: mỹ phẩm, hàng điện tử,... thì chẳng rẻ tẹo nào!",neutral,1,1,0,0,0,neutral,False,unclear,,False,1,1,0,0,0,
3bea0ce5-fb6f-48b9-8c9c-48c8715fb5a8,"Giao hàng nhanh, đảm bảo hàng bên trong k bị ảnh hưởng khi giao tới khách hàng.",positive,1,0,1,0,0,positive,False,positive,,False,1,0,1,0,0,
0027fb22-3a9b-4b83-a286-321389ab0431,"Nói bấm là có mà bấm tìm ""vape"" k có nên đánh giá 1* khỏi thắc mắc oce",negative,0,1,0,0,0,negative,False,unclear,,False,0,1,0,0,0,
793ca7a4-a029-4f8f-9832-4c77f7a13f51,Đây là ưd dành cho người mua hàng nhưng lại chưa đặt mình vào vị trí khách hàng 1. Shop bán có thể lock kháck mua mà ko có chiều ngược lại 2. Tự ý hạn chế việc kh mua theo hình thức cod với lý do khách hủy đơn nhiều lần. Tại sao khách hủy? 3. Ko quản lý đc sp của shop bán thì nên để người mua trực tiếp kt hàng. Chắc chắn ko ai muốn thực hiện việc đổi trả trong khi đã bỏ ko ít time chờ đợi hàng về.,negative,1,0,0,1,0,negative,False,unclear,,False,1,0,0,1,0,
b88a855b-cf23-4d07-9289-0cde32dfba1f,Tìm sp ưa thích,neutral,0,0,0,0,0,neutral,False,unclear,,False,0,0,0,0,0,all aspects are 0; verify if review is general
41975045-b053-4579-be06-42e3a3e0ffdf,"Phần mềm chưa tiện lợi cho người mua. 1) Phần thanh toán, nếu sản phẩm trong giỏ hàng đã hết hàng thì người mua bắt buộc phải xóa mặt hàng đó ra khỏi giỏ hàng, trong khi họ muốn lưu mặt hàng này lại để theo dõi đến khi có hàng. Về khoản này, bên Sendo làm tốt hơn, có chức năng cho chọn thanh toán riêng 1 mặt hàng hay muốn thanh toán tất cả sản phẩm trong giỏ hàng. Mong add cải tiến app tốt hơn. 2) Trên fb thì xem được hàng loạt mặt hàng giảm giá Tiki Trading, mà vào app thì ko có mục này.",neutral,1,1,0,0,1,neutral,False,unclear,,False,1,1,0,0,1,
bafe6347-91c2-4bf1-8297-7e073d1d0880,Toàn giới thiệu free mà ... ko thấy free,neutral,0,0,0,0,0,neutral,False,unclear,,False,0,0,0,0,0,all aspects are 0; verify if review is general
2ed2b56a-1afa-4897-a5af-84a8469f304d,"Giao nhanh, chat lượng đúng như đặt và tốt",positive,1,0,1,0,0,positive,False,positive,,False,0,0,0,0,0,all aspects are 0; verify if review is general
984bc8ff-889c-4a1a-806a-56db679919ad,"Tôi đến với tiki do muốn tìm hàng chính chủ uy tín, nhưng khi các nhãn hàng mở shop chính chủ trên Shopee, tôi đã xoá tiki. Tiki làm dịch vụ chưa tốt, khuyến mãi ảo nhiều, ít có các chương trình giảm giá.",positive,1,1,0,1,0,neutral,True,positive,score-based sentiment is neutral but content looks positive,True,1,1,0,1,0,review sentiment auto-adjusted; manual review recommended
bcaba857-8f5d-4cfb-901f-03faf85d46d7,tiki thì hàng chất lượng khỏi phải bàn rùi.hihi,positive,1,0,0,0,0,positive,False,positive,,False,1,0,0,0,0,
24eb3f38-ddba-4037-b8c5-5157d6877834,Ứng dụng rất chán tìm kiếm sản phẩm cần mua không bao giờ thấy. Giá cao hơn các app khác,negative,1,1,0,0,1,negative,False,unclear,,False,1,1,0,0,1,
53403886-2000-4ba5-92ec-698ca7d0995f,freeship :3,positive,0,0,1,0,0,positive,False,unclear,,False,0,0,1,0,0,
dd04f5d1-6f31-4dae-8a78-93eb9cba8598,Đây là trang thương mại điện tử đbrr nhất cái việt nam này đặt từ 8/8 đến nay 15/8 vẫn chưa thấy shop bàn giao cho đơn vị vận chuyển mà cũng chẳng có tí động tĩnh nào tốt nhất qua lazada hay shopee mà mua nghỉ mẹ cái sendo đi,negative,0,0,1,0,0,negative,False,unclear,,False,0,0,1,0,0,
2a79fafd-2021-4e42-b1a0-01e58f1d607c,"Tôi nói cho mấy bạn dev nghe nè, muốn cạnh tranh với shopee thì làm ăn cho đàng hoàng. Lần nào mở sale vô cũng giật lag tùm lum, mua ko đc gì hết trơn. Sáng nay có event Giựt cô hồn trời ơi nó lag, mở wifi rồi 4g các kiểu ko load nổi. Đừng nói máy tui note10+ mà chậm nghe. Xưa nay tui dùng song song shopee với tiki mà giờ chắc xóa tiki quá. Đừng đổ tiền vào đua với shopee nữa, làm ăn vậy nghỉ giùm cho rồi.",negative,0,1,0,0,1,negative,False,negative,,False,0,1,0,0,1,
0d8056ee-fe22-4a9e-8850-5b581eccc1b1,Áp khá hữu ít,positive,0,0,0,0,0,positive,False,unclear,,False,0,0,0,0,0,all aspects are 0; verify if review is general
5abbfdd7-1261-4c98-8dea-3bd140666ba1,Hủy đơn hàng kiểu gì?,neutral,1,0,0,0,1,neutral,False,unclear,,False,1,0,0,0,1,
61698eb8-fc54-4143-afab-240bf9d5a0fe,"Quá tốt.đáng tin tưởng.Giao hàng nhanh hơn thời hạng,có nhiều khuyến mãi.hàng giống hình,cho tiki ngàn sao.Mua gân 10sp rồi nhưng món nào cũng tốt cả.cảm ơn tiki",positive,1,1,1,0,0,neutral,True,positive,score-based sentiment is neutral but content looks positive,True,1,1,1,0,0,review sentiment auto-adjusted; manual review recommended
f9002c48-f3be-4bc0-b738-e2cdfeee6352,"Hồi trước ship 18k tăng lên 20k còn bây 66k vừa vừa thôi chứ, mn bỏ tiki qua bên sh*ppe đi",negative,0,0,1,0,0,negative,False,unclear,,False,0,0,1,0,0,
1ee55a30-125b-420e-8d0b-f364688738ce,"Đặt hàng xong, đợi 4_5 ngày mới có",neutral,1,0,0,0,0,neutral,False,unclear,,False,1,0,0,0,0,
f574c0b7-e5ae-4f84-99c3-2119592ae412,Rất tiện lợi cho nhiều người,positive,0,0,0,0,0,positive,False,unclear,,False,0,0,0,0,0,all aspects are 0; verify if review is general
499c5822-f0c1-47b6-a029-4cc6c5f9dcfd,ứng dụng này rất hay,positive,0,0,0,0,1,positive,False,unclear,,False,0,0,0,0,1,
20ad1a38-d687-4851-a9f6-bb428cfa9cb6,Muốn mua bộ dây vòi,negative,0,0,0,0,0,negative,False,unclear,,False,0,0,0,0,0,all aspects are 0; verify if review is general
205d7bd8-39b0-4603-809a-9fc6d2ef0454,ok rất tốt,positive,0,0,0,0,0,positive,False,positive,,False,0,0,0,0,0,all aspects are 0; verify if review is general
d43c2d94-104d-4258-83c8-ca265fc797c4,Ciode co dx nohu k,neutral,0,0,0,0,0,neutral,False,unclear,,False,0,0,0,0,0,all aspects are 0; verify if review is general
e7e052fd-e148-46fa-8411-836dab9b37c5,"Mình rất thích về phương diện bán, sale các mặt hàng sách nhưng thật sự ứng dụng rất rất tệ. Gần đây rất hay bị lỗi, hôm kia quyển sách mình thích có sale, đêm đấy mình đăng mua không được, chỉ sale 1 đêm thôi, thế là bỏ lỡ. Mình từng mua cuốn Your Name, mua cùng thời gian với bạn mình, bạn mình thì có quà tặng phát hành là được bọc platics và bookmark còn mình thì không? Ok, i'm fine. Hỏi nhân viên đã lâu không 1 câu hồi đáp :). Mong Tiki xem lại, mình không cần gì, chỉ cần câu giải thích hợp lí thôi. Cảm ơn ạ.",neutral,1,1,0,1,1,neutral,False,unclear,,False,1,1,0,1,1,
0ad25897-72fb-4917-bf5e-a27b8241fa97,Chưa bao h thất vọng về thời gian và chất lượng giao hàng của Tiki. Chỉ có hàng hoá bày bán vẫn còn một số shop bán mặt hàng khác so với quảng cáo,positive,1,0,1,0,0,positive,False,unclear,,False,1,0,1,0,0,
c0e18582-9254-40e9-bc44-ec33b8bca463,giao hàng nhanh,positive,1,0,1,0,0,positive,False,positive,,False,1,0,1,0,0,
c100f550-774b-445b-a02f-cc00332ab53f,Tôi đã mua được và dung hàng mình thích thái độ làm viec chuyên nghiệp chuyển hàng đến tay khách hàng nhanh chóng,positive,1,0,0,0,0,positive,False,positive,,False,1,0,0,0,0,
531976c1-58ba-4add-b7e9-ae8d2bf28a33,Có đồ bị cũ,neutral,0,0,0,0,0,neutral,False,unclear,,False,0,0,0,0,0,all aspects are 0; verify if review is general
bcd7837a-eb90-43fe-b150-7e120314d5a1,"Tệ thật người ta diễn hay không cho thắng, cho mấy người giả trân thắng",negative,0,0,0,0,0,negative,False,unclear,,False,0,0,0,0,0,all aspects are 0; verify if review is general
f4dc1703-1979-475f-9387-247714480071,Mua hàng trên tiki mình không có 1 chút sợ sệt về hàng giả hàng kém chất lượng nói chung rất là tốt. chúc tiki ngày càng phát triển hơn nữa,positive,1,0,0,0,0,positive,False,positive,,False,1,0,0,0,0,
b81f31a3-d8cc-4120-b3b6-6cad3bbb7079,"So với lazada, shopee, sedo thì thái độ phục vụ không chấp nhận được, mọi thứ liên quan đến chăm sóc khách hàng nhân viên làm không có tâm",negative,1,0,0,1,0,negative,False,unclear,,False,1,0,0,1,0,
30135495-f5f3-42ec-a5ed-f230b6a27f2d,"bán sách nhái,sách kém chất lượng",positive,1,0,0,0,0,negative,True,positive,score-based sentiment is negative but content looks positive,True,1,0,0,0,0,review sentiment auto-adjusted; manual review recommended
8d7b253b-6871-44d4-b6fa-2d6712d2b89c,sản phẩm tốt,positive,1,0,0,0,0,positive,False,unclear,,False,1,0,0,0,0,
28d34b30-587e-46e8-bb14-36deaa79d387,"giao hàng nhanh, hàng mới nên chả có ý kiến gì",positive,1,0,1,0,0,positive,False,positive,,False,1,0,1,0,0,
99c873ba-4bce-42bd-a231-6992fb7c62f1,chua su dung vho truoc 3s,neutral,0,0,0,0,0,neutral,False,unclear,,False,0,0,0,0,0,all aspects are 0; verify if review is general
d3fdfdba-9c7f-4119-9763-ede9915affec,Search của tiki chả chính xác. Giá thì cao hơn Shopee và lazada. Các mặt hàng thì ít,neutral,1,1,0,0,0,neutral,False,unclear,,False,1,1,0,0,0,
d11ab611-9144-4e3c-974e-f0b66c109242,Đây là app đặt hàng tệ nhất tôi sản phẩm hạn chế tôi muốn mua 1con gundam hg nhưng khi tìm thì chỉ toàn sp gundam sd với ốp lưng chưa hết khi tôi muốn mua bút kẻ lằn chìm khi tìm thì toàn ra bút vs kẻ mi gì gì ấy rất thất vọng,negative,1,0,0,0,1,negative,False,negative,,False,1,0,0,0,1,
0ddba38c-2cf6-4450-916f-b21bd57fc93a,Tiki tệ quá chễ đơn hàng mà k thông báo j cả làm mình chễ hết dự định với bạn bè rồi,negative,1,0,0,0,1,negative,False,unclear,,False,1,0,0,0,1,
681320e7-a8cd-4849-90a9-bbaa2a9d21a2,Thích cái gì cũng có,positive,0,0,0,0,0,positive,False,unclear,,False,0,0,0,0,0,all aspects are 0; verify if review is general
789f10d7-febf-48cd-b20d-aa7f2135abb2,Thất vọng về cách làm việc của tiki,negative,0,0,0,0,0,negative,False,negative,,False,0,0,0,0,0,all aspects are 0; verify if review is general
87889697-be9e-4003-8d33-fc6d431be897,rất nhiều đồ đẹp,positive,0,0,0,0,0,positive,False,unclear,,False,0,0,0,0,0,all aspects are 0; verify if review is general
c1b66233-8555-4107-b8a5-e7d30d4c12cf,"ví nam da bò dập vân cá sấu rất đẹp ,để được nhiều giấy tờ .đóng gói sản phẩm kỹ và đẹp mắt.Cảm ơn TiKi và sẽ mua tiếp",positive,1,0,1,0,0,positive,False,unclear,,False,1,0,1,0,0,
dfd435cc-d5ba-4480-911f-40665e17a4a3,"Giao hàng không chuyên nghiệp, tự động hủy, bảo giao lại không giao, khi liên hệ lần 2 có đặt hàng lại cho mình rồi hẹn thứ 3 giao, nay sáng 9h35 nhắn tin sẽ giao đến trong vòng 30p thì gọi liên hệ lúc 9h30 3 lần không được. 9h39 đã nhắn tin hủy đơn. Mình cầm điện thoại thoại đâu mà biết nay giao lúc đó. Cạch mặt bọn Tiki",negative,1,0,1,0,0,negative,False,negative,,False,1,0,1,0,0,
737509a2-bc63-4fe1-883e-b224ac06f6d7,"Tôi đã mua hàng ở rất nhiều shop online khác nhau nhưng t vẫn luôn tin tưởng tiki nhất. Thái độ phục vụ tốt, giao hàng nhanh, phí vận chuyển rẻ, chất lượng sản phẩm tốt, mua hàng ở tiki không bao giờ sợ hàng giả. Đổi trả sản phẩm dễ dàng trong 30 ngày nếu không còn như cầu nữa. Sẽ ủng hộ tiki dài dài💕",positive,1,1,1,1,0,positive,False,positive,,False,1,1,1,1,0,
f2ad7be6-b36a-4411-a19d-40b332f3674b,Làm ơn tìm hộ em máy chơi game 4 nút nhé cảm ơn mn,neutral,0,0,0,0,0,neutral,False,unclear,,False,0,0,0,0,0,all aspects are 0; verify if review is general
e29457d9-4670-466f-b216-3ea8f42e85ac,đặt hàng giao nhanh xong báo giao trể xong vài ngày sau hủy đơn hàng làm ăn không có cái uy tín gì,negative,1,0,0,0,1,negative,False,unclear,,False,1,0,0,0,1,
3c675175-373d-4361-aee3-ffe5b699b4a2,Giao hàng quá chậm sản phẩm kém chất lượng,positive,1,0,1,0,0,neutral,True,positive,score-based sentiment is neutral but content looks positive,True,1,0,1,0,0,review sentiment auto-adjusted; manual review recommended
da8ed7fd-c1e1-4703-ab9e-9b98477daadc,App rất được có thư mình muốn mua nhưng khi mua thì mình đã điền đầy đủ thông tin vào rồi thì phải làm sao nữa a Còn lúc tư vấn thì mình hỏi thì ko ai hồi đáp lại mình mong ad có thể cho thêm hướng dẫn mua hàng a,neutral,1,0,0,0,1,neutral,False,unclear,,False,1,0,0,0,1,
92e75b69-beed-43c7-acb6-63abbd2dea46,ok hang đep toi thich,positive,0,0,0,0,0,positive,False,positive,,False,0,0,0,0,0,all aspects are 0; verify if review is general
af2debb6-c4d3-48aa-b4ec-86b62c31a532,"Bấm vào tiến hành thanh toàn thì quay vòng vòng không hồi kết. Hàng thì ít, thêm đc món hàng vào thì mãi k quay xong để mua. Quá tệ",negative,1,0,0,0,0,negative,False,negative,,False,1,0,0,0,0,
20adc46a-9129-4971-a4f8-7fd55d6180b2,rất tiện lợi,negative,0,0,0,0,0,negative,False,unclear,,False,0,0,0,0,0,all aspects are 0; verify if review is general
ced9508d-2041-4dd1-a678-f7b48eb90363,Cái này hk bít nói sao nữa mik thấy ko có tận tình phục vụ lắm thì phải.,positive,0,0,0,0,0,positive,False,unclear,,False,0,0,0,0,0,all aspects are 0; verify if review is general
c9f14f91-db62-4d34-ba80-24f2f1aa8988,Giá bán cao,neutral,0,1,0,0,0,neutral,False,unclear,,False,0,1,0,0,0,
d75f010d-4564-4827-98da-0d60798f4d41,Muốn mua hàng...mà phải tải app...? Tào lao. Ngưng xem luôn,negative,1,0,0,0,1,negative,False,unclear,,False,1,0,0,0,1,
11bbc43b-d3b5-415a-bba1-34745337ec64,Khó sử dụng,neutral,0,0,0,0,0,neutral,False,unclear,,False,0,0,0,0,0,all aspects are 0; verify if review is general
a0a17637-15ff-4c2d-9b24-380a6d86aa64,Tiki rất là tốt,positive,0,0,0,0,0,positive,False,unclear,,False,0,0,0,0,0,all aspects are 0; verify if review is general
ef07d029-ba40-4568-b1dc-b6b5eff481be,"Uy tín chất lượng, đóng gói đẹp chắc chắn, giao hàng nhanh, shipber vui vẻ...",positive,1,0,1,0,0,positive,False,positive,,False,1,0,1,0,0,
c37eea83-25b6-4b3d-aac5-e0d6edcd5329,ứng dụng này tôi đặc hàng thì được,neutral,1,0,0,0,1,neutral,False,unclear,,False,1,0,0,0,1,
9c4d1fb5-8d45-47f2-bd38-64876f189d5d,"tiện lợi, chu đáo,đổi trả dễ dàng 😍",positive,0,0,0,1,0,positive,False,unclear,,False,0,0,0,1,0,
806c2ff7-b285-4f7c-a1c0-62326d2a708f,Quá tầm thường,negative,0,0,0,0,0,negative,False,unclear,,False,0,0,0,0,0,all aspects are 0; verify if review is general
75700842-bbc8-48fc-8e14-4d4d9054d245,giao hàng nhanh chóng,positive,1,0,1,0,0,positive,False,positive,,False,1,0,1,0,0,
6fd5dc32-6f5d-4b4e-8b8c-d248615bbac6,Để hàng về coi mới biết,neutral,1,0,0,0,0,neutral,False,unclear,,False,1,0,0,0,0,
94dd65b1-00b7-465c-9256-372d636b70d8,Úng dụng rất hay,positive,0,0,0,0,0,positive,False,unclear,,False,0,0,0,0,0,all aspects are 0; verify if review is general
07de5d3b-edad-4e8e-995b-ee1e415f5757,Tải về mới đầu xài ok. Sau đó thì tự thoát.,neutral,0,0,0,0,0,neutral,False,unclear,,False,0,0,0,0,0,all aspects are 0; verify if review is general
fecfcae0-9531-481b-bf60-2321ab356ec7,rất hài lòng với tiki,positive,0,0,0,0,0,positive,False,positive,,False,0,0,0,0,0,all aspects are 0; verify if review is general
fca25a1e-e5b2-4a86-af73-53f8fe2bad84,Bên này giao hàng quá lâu như thế ai mà dám dat hàng Nếu bán hàng cạnh tranh thì từ nhân viên den người giao hàng phải tranh thủ chứ ko phải nghe khách hủy don hang là nói oke như thế thì bao giờ công ty mới khá lên được cái này giám đốc phải coi lại bộ phận chăm sóc khách hàng,negative,1,1,1,1,0,negative,False,negative,,False,1,1,1,1,0,
2c0fcde3-a217-4314-b5c3-fb00a940e41d,chấp nhận khi mua online,negative,0,0,0,0,0,negative,False,unclear,,False,0,0,0,0,0,all aspects are 0; verify if review is general
eefd70d7-c1ba-475e-8297-66158d4f8d0e,Em đặt trên giỏ rồi nhưng khi đặt mua thì lại ko có là sao ạ. Làm thế nào để mua được,neutral,0,0,0,0,0,neutral,False,unclear,,False,0,0,0,0,0,all aspects are 0; verify if review is general
e38c55b7-fb83-4342-878f-f9fe6904870c,"Quá tệ, lừa đảo. Zựt cái gì không biết mà tính được đến 1/10000 giây. Hiền thị sản phẩm cho chọn khi đếm ngược đãn mất ít nhất 1s rồi chưa kể click. Gửi mail phản hồi thì bộ phận cskh phản hồi theo kiểu lừa con nít. Không có 0* chứ có là cho 0* rồi.",negative,1,0,0,1,0,negative,False,negative,,False,1,0,0,1,0,
635ffc08-fd9c-4a2a-850c-df8c27e8a885,Thủ tục rườm rà,neutral,0,0,0,0,0,neutral,False,unclear,,False,0,0,0,0,0,all aspects are 0; verify if review is general
381ff612-f9b3-4550-adbf-88caa8386df0,Toi rat thich nhung giao hang hoi cham,positive,0,0,0,0,0,positive,False,positive,,False,0,0,0,0,0,all aspects are 0; verify if review is general
d7b4973f-60cb-4d9d-bd85-f3da5d90b066,"Moi người ơi,, hãy tẩy chai cái app cho de này đi. Đkm nó mã giảm giá thì đeo sử dụng được,, mã miễn phí vận chuyển cũng đeo sử dụng được,, toàn là thanh toán zaloplay.. thanh toán con mẹ nó. Đkm nó không phải ai cũng có tk ngân hàng để tt. Moi người hãy chung tay tẩy chai cái app và xóa app này đi. Qua Lazada mua hàng cho sướng. Moi người không nên mua ở sendo và tuyệt đối không nên tt qua thẻ NH vì sendo không giải quyết nếu có lua dao say ra. Nên tẩy chai là vừa rồi",negative,1,1,1,0,1,negative,False,negative,,False,1,1,1,0,1,
fe2b8fe1-c3c1-4a69-b8b3-c8d874ac16a5,"dóng gói kỹ.sp y hình,chất lượng tốt",positive,1,0,0,0,0,positive,False,positive,,False,1,0,0,0,0,
22dc1952-4a00-4cbc-8184-e11df9c62a81,Mặt hàng quá ít k bit mua gi,neutral,1,0,0,0,0,neutral,False,unclear,,False,1,0,0,0,0,
510ce65a-6940-4d38-a014-4d2fc176049c,"Đây là 1 trong những ứng dụng TỆ NHẤT,tôi xin nhất mạnh là TỆ NHẤT,TỆ NHƯ C mà tôi từng thấy. Tôi đặt mua 2 thùng giấy ăn,trước đó tôi đã phải thanh toán bằng thẻ hế 232.00 Và đến tận bây giờ,sau gần 1 tháng đặt hàng,tôi vẫn chưa nhận đc hàng.gọi lên khiếu nại thì cứ ẩm à ẩm ờ,gửi mail thì cũng cứ toàn nói tào lao,tôi hỏi phía bên shop bán,thì bên shop bảo không thấy bên vận chuyển nào đến nhận đơn hàng của tôi,bảo tôi hủy để đc hoàn tiền.nhưng phía sendo không cho hủy,cứ để treo đơn hoài.",negative,1,1,1,1,1,negative,False,unclear,,False,1,1,1,1,1,
dfb09d5b-206f-4311-9114-c7c0d1a05c34,App quá chậm. Giống thời kì đồ đá. Đăng 1 sản phẩm mất cả tiếng còn ko xong. Ko phải lỗi do wifi hay đt. 1 app thương mại điện tử lớn số 1 VN lại ko làm cho cái app ngon lành tí,negative,1,0,0,0,1,negative,False,negative,,False,1,0,0,0,1,
2910a700-3519-4b8d-a9a8-fbbbbc307a48,"Tiki giao hàng rất nhanh, về những sản phẩm mình đã chọn mua giao y như mẫu mình chọn còn chất lượng cũng rất OK ,số với các trang web bán hàng khác.",positive,1,0,1,0,0,positive,False,positive,,False,1,0,1,0,0,
7ad14133-d468-48f0-b3f9-188c48e4e9a9,Dùng samsung j2 pro hay bị treo và yêu cầu khởi động lại ứng dụng.,neutral,0,0,0,0,1,neutral,False,unclear,,False,0,0,0,0,1,
0fbe6731-8311-4289-bad2-85ac12c43197,Ko hay = shopee,positive,0,0,0,0,0,positive,False,unclear,,False,0,0,0,0,0,all aspects are 0; verify if review is general
b1b5d3ce-fbde-4bed-a265-ba3e6ee8d9f7,"Dở nhất là không xoay ngang màn hình đươc! Muốn ủng hộ người Việt Nam nên tăng cường ưu tiên dùng Sendo, nhưng phần mềm phải tiện dụng, xử lý được lừa đảo mới thu hút người dùng.",negative,0,0,0,0,0,neutral,True,negative,score-based sentiment is neutral but content looks negative,True,0,0,0,0,0,review sentiment auto-adjusted; manual review recommended; all aspects are 0; verify if review is general
d6fca264-1d0a-4877-93fe-6e7b53802415,Ok nhưng cần kiểm soát chất lượng sản phẩm cho đúng với quảng cáo.,positive,1,0,0,0,0,positive,False,positive,,False,1,0,0,0,0,
9e6cc868-5061-4edd-a84d-77fb3f214af9,App sắp xếp thứ tự tìm kiếm quá lộn xộn. Bộ lọc tìm kiếm không hề có tác dụng. Rất bực mình.,neutral,0,0,0,0,1,neutral,False,unclear,,False,0,0,0,0,1,
f6f06605-5a8f-4f00-968f-a6021b09c165,Giao hàng chậm người giao hàng kiểu ko muốn giao hàng làm ăn dị đó,neutral,1,0,1,0,0,neutral,False,unclear,,False,1,0,1,0,0,
b42f01f0-fc1e-4c55-b5c7-8547d846ddfe,Cũng thường,neutral,0,0,0,0,0,neutral,False,unclear,,False,0,0,0,0,0,all aspects are 0; verify if review is general
34ebb36c-ab0b-45e3-aed5-6215812feb4b,"đặt hàng từ ngày 16/6, ngày dự kiến giao hàng là ngày 22/6 mà tới bây h vẫn chưa thấy giao",neutral,1,0,1,0,0,neutral,False,unclear,,False,1,0,1,0,0,
34190895-b894-4bc4-bec0-961aec2a6cc3,Rất thích app này nha 👍,positive,0,0,0,0,1,negative,True,positive,score-based sentiment is negative but content looks positive,True,0,0,0,0,1,review sentiment auto-adjusted; manual review recommended
35014f49-7aa4-4073-a211-24c81859f9b4,Nói chung cx đc cho 3 sao thôi,neutral,0,0,0,0,0,neutral,False,unclear,,False,0,0,0,0,0,all aspects are 0; verify if review is general
a13adcc3-9148-4ee3-8158-fe015e4adbd2,Không hiểu sao đặt hàng thành công mà cứ gần đến ngày giao nó lại tự động hủy. Đề nghị xem lại,negative,1,0,0,0,0,negative,False,unclear,,False,1,0,0,0,0,
7c9bd86b-6915-467a-9901-de20b4fa6f1f,Cũng bình thường nhưng cũng cho 5sao lấy động lực,positive,0,0,0,0,0,positive,False,unclear,,False,0,0,0,0,0,all aspects are 0; verify if review is general
3df918fa-9dc4-4101-b13f-ee868691fe9c,Không có mã giảm giá sâu như shoppe,neutral,0,1,0,0,0,neutral,False,unclear,,False,0,1,0,0,0,
e65272f9-9ba8-432a-8109-0e2439fb8fad,hay bị lỗi,neutral,0,0,0,0,1,neutral,False,unclear,,False,0,0,0,0,1,
5d7a26ec-37f9-475c-9e3c-9bc4de7d12c6,Rất tệ. Dịch vụ khách hàng quá tệ. Tôi và các đồng nghiệp đã tẩy chay.,negative,1,0,0,1,0,negative,False,negative,,False,1,0,0,1,0,
ea87089a-1075-44a6-b259-1b2f26349eca,Giao hàng rẻ tiền mà tính giá trên trời. Bó tay tiki luôn,negative,1,1,1,0,0,negative,False,unclear,,False,1,1,1,0,0,
b11d6aa9-58db-4d6c-8b28-7f797a4be8ca,"Rất tốt, hàng chính hãng giá rẻ.",positive,1,1,0,0,0,positive,False,positive,,False,1,1,0,0,0,
9ad2d56b-0cc6-44e6-91b6-5cefec7e2a8e,Giá sản phẩm cao hơn các trang thương mại điện tử khác.,neutral,1,1,0,0,0,neutral,False,unclear,,False,1,1,0,0,0,
32d44e4a-8ec2-43f7-9619-5a532ef33675,Chậm lag quá . không vào được giỏ hàng.,negative,1,0,0,0,1,neutral,True,negative,score-based sentiment is neutral but content looks negative,True,1,0,0,0,1,review sentiment auto-adjusted; manual review recommended
313d5733-92fc-44e9-8616-5fc670f42c48,đặc cả tuần rồi chưa thấy hàng đâu,negative,1,0,0,0,0,negative,False,unclear,,False,1,0,0,0,0,
f2e178b5-8884-4828-9be4-d16569046989,"Sendo cần quản lý chặc chẽ hơn các shop bán hàng, cần giao đúng sản phẩm khách đặt. Đã bị mấy đơn hàng rùi, nên hơi bất mãn với app",neutral,1,0,0,0,1,neutral,False,unclear,,False,1,0,0,0,1,
cc3ccb13-e2b6-40ed-8b78-41a4e4dd3d5c,giao k đúng đơn đặt,negative,0,0,0,0,0,negative,False,unclear,,False,0,0,0,0,0,all aspects are 0; verify if review is general
b8da8684-9db0-4009-8338-570ba4d5b731,"App hay bị treo, đơ. Toàn phải sử dụng trên web.",neutral,0,0,0,0,1,neutral,False,unclear,,False,0,0,0,0,1,
a97d188c-255a-409b-88ab-3de1a791ecd9,tiki cần có chế độ nhắn tin với chủ phương tiện để biết hàng có chưa chứ tới ngày nhưng ngày hôm đó không thấy giao cũng phải liên lạc với người mua để ngta biết mà đợi hàng,negative,1,0,0,0,0,negative,False,unclear,,False,1,0,0,0,0,
6e26cbe7-3963-4712-b73b-3160778e24b5,"Cực kì thích tiki, từ những món đồ tui mua cho đến shipper và thời gian giao hàng tất cả đều OK !!",positive,1,0,1,0,0,positive,False,positive,,False,1,0,1,0,0,
204402fe-bc92-49ea-9467-67f6da6e3c3a,bình thường,neutral,0,0,0,0,0,neutral,False,unclear,,False,0,0,0,0,0,all aspects are 0; verify if review is general
63d6cc02-6cc5-4586-bd83-afccab8dfbae,qua it san pham,negative,0,0,0,0,0,negative,False,unclear,,False,0,0,0,0,0,all aspects are 0; verify if review is general
66380bd0-5772-404f-978a-7fd031565082,Khắc phục lỗi nhanh,positive,0,0,0,0,1,positive,False,unclear,,False,0,0,0,0,1,
f89f2de8-37ae-4d42-8e9c-703b0f032758,Rất hay mình đã mua nhiều sản phẩm,positive,1,0,0,0,0,positive,False,unclear,,False,1,0,0,0,0,
aac17569-45a0-48e9-9400-9f7ecca96e00,Mua hàng không được kiểm hàng nên tôi không thích,neutral,1,0,0,0,0,neutral,False,unclear,,False,1,0,0,0,0,
3b994616-11d6-4bda-8646-66041f1906ab,1 hệ thống nát bét. 1 lũ mọi rợ. 1 lũ rừng rú lấy luật chó nào đem lên áp đặt khách hàng. 2 nick 2 điện thoại khác nhau mà bảo vi phạm thể lệ. Thể lệ cái má chó nhà m. Nhân viên mất dạy. Trả lời như 1 cái máy. Lũ ăn cướp,negative,1,0,0,1,0,negative,False,unclear,,False,1,0,0,1,0,
706d5fa8-3092-4ed1-b9ad-f07a349856d5,Đm mỗi cái địa chỉ mà đặt đéo đc. Đc cái quảng cáo trên mạng. 😤😤😤 Ko hài lòng tí nào,negative,0,0,0,0,0,negative,False,unclear,,False,0,0,0,0,0,all aspects are 0; verify if review is general
44521882-fdf5-405b-9950-202eff66444b,"không hài lòng, đặt hàng tiki trading đến khi giao lại thiếu hàng, hỗ trợ khách hàng không tốt!",negative,1,0,0,1,0,negative,False,unclear,,False,1,0,0,1,0,
8057e52f-021f-46bc-9cd9-c459618cb876,Hơi ít sản phẩm tí xin sensor cho vào nhiều hơn,neutral,1,0,0,0,0,neutral,False,unclear,,False,1,0,0,0,0,
dbc4945a-bf1d-412e-9099-b75d730ce681,bảo hành và đổi trả còn chậm,positive,0,0,0,1,0,positive,False,unclear,,False,0,0,0,1,0,
ee064650-9a1f-4a93-a38a-811629c959f6,Mình tin tưởng sendo,positive,0,0,0,0,0,positive,False,unclear,,False,0,0,0,0,0,all aspects are 0; verify if review is general
c0cf5377-a52d-404e-bee1-03de036ea309,Thủ tục đăng ký khó,neutral,0,0,0,0,0,neutral,False,unclear,,False,0,0,0,0,0,all aspects are 0; verify if review is general
0e7897ec-9d04-4ee2-bee4-f1c584535cca,Sao hk có chổ hủy đơn hàng zậy ạ,neutral,1,0,0,0,1,neutral,False,unclear,,False,1,0,0,0,1,
78f8c31e-8876-487c-bce8-8667b4a06676,cần có nhiều phần trăm may mắn hơn khi quay vòng quay may mắn,positive,0,0,0,0,0,positive,False,unclear,,False,0,0,0,0,0,all aspects are 0; verify if review is general
dfd01140-3bc8-4ed5-8810-8e730b52cd53,Ứng dụng xài chán khó tìm thấy sp cần mua.,negative,0,0,0,0,1,negative,False,unclear,,False,0,0,0,0,1,
e53be689-0a52-4bd6-9cc1-0da969079493,Hok biết khi giao hàng tới có đc xem trc khj nhận hok,neutral,1,0,1,0,0,neutral,False,unclear,,False,1,0,1,0,0,
fcfa3bd0-eec3-45bf-bf0f-2381f3269333,"Ship 38k , để giành sài luôn đi",negative,0,0,1,0,0,negative,False,unclear,,False,0,0,1,0,0,
e7699f2a-86b7-4e81-afc1-2b03dedc5f03,Rat hay ma rat nhieu cam on sendo nhieu lam,neutral,0,0,0,0,0,neutral,False,unclear,,False,0,0,0,0,0,all aspects are 0; verify if review is general
65c81c54-f9b1-4b54-9f08-1deeb92c4178,sản phẩm không được chất lượng.,positive,1,0,0,0,0,negative,True,positive,score-based sentiment is negative but content looks positive,True,1,0,0,0,0,review sentiment auto-adjusted; manual review recommended
18b9caeb-8c25-4041-a5d5-e77157e71e8c,Có thể mua hàng được 👌,neutral,1,0,0,0,0,neutral,False,unclear,,False,1,0,0,0,0,
c2d4da8a-5440-4821-a618-29abdbf979b0,Gõ cái này ra cái khác . thiệt là tức mà 😠,negative,0,0,0,0,0,negative,False,unclear,,False,0,0,0,0,0,all aspects are 0; verify if review is general
154d0a25-3e29-408b-b9b5-0e2f97abcba2,Rat hài lòng,positive,0,0,0,0,0,positive,False,positive,,False,0,0,0,0,0,all aspects are 0; verify if review is general
1462286b-e75a-4838-b2ca-d0a2dfe00db3,Nhiệt tình hướng dẫn sử dụng,positive,0,0,0,0,0,positive,False,unclear,,False,0,0,0,0,0,all aspects are 0; verify if review is general
46ab2469-33a0-4af1-81a0-9a01a3e7309b,"Tiki giao hàng rất chắc chắn, giá cả hợp lý. Ủng hộ",positive,1,1,1,0,0,positive,False,unclear,,False,1,1,1,0,0,
741b5418-a829-415f-aa84-b21cd6f9c210,Tuyệt vời..,positive,0,0,0,0,0,positive,False,positive,,False,0,0,0,0,0,all aspects are 0; verify if review is general
430cf3bf-2b46-49d9-a1ee-9ba781dd4aa1,có sendo ko cần phải đi ra ngoài mua sắm.,positive,0,0,0,0,0,positive,False,unclear,,False,0,0,0,0,0,all aspects are 0; verify if review is general
bf3ebf4e-3cd8-4765-8c83-9415aeedfda4,Ứng dụng phiền phức,negative,0,0,0,0,1,negative,False,unclear,,False,0,0,0,0,1,
cd732f45-97a7-4df8-a670-a4159249555e,sao mà ko nhập địa chỉ dc z chứ nó cứ bảo là địa chỉ ko hợp lệ,neutral,0,0,0,0,0,neutral,False,unclear,,False,0,0,0,0,0,all aspects are 0; verify if review is general
c45a1590-1992-4bce-9427-317fe244bb76,Điện thoại chính hãng. chuyển hàng nhanh.,positive,1,0,0,0,0,positive,False,unclear,,False,1,0,0,0,0,
3f9eaa4f-7d02-48cd-bf11-6ff1d54b7234,Giao hàng nhanh,positive,1,0,1,0,0,positive,False,positive,,False,1,0,1,0,0,
2153d862-04bf-4d18-bbf2-802a33cdd5cb,"Thấy nhiều chỗ chưa hợp lý, màu mè đúng là made in VietNam",neutral,1,0,0,0,0,neutral,False,unclear,,False,1,0,0,0,0,
c162d142-42ae-4cb2-9624-26a88c6ec531,hài lòng tuyệt đối,positive,0,0,0,0,0,positive,False,unclear,,False,0,0,0,0,0,all aspects are 0; verify if review is general
68132bb5-ddbf-4df4-a9ee-6120f83b65d2,ứng dụng tốt,positive,0,0,0,0,1,positive,False,unclear,,False,0,0,0,0,1,
b95f15f6-8bd2-4b65-94aa-da9250829f34,ung dung hay tot,positive,0,0,0,0,0,positive,False,unclear,,False,0,0,0,0,0,all aspects are 0; verify if review is general
f9453aaa-9bfc-452a-9965-d4db8896c9f7,"Tiki thông báo tôi bị khoá tài khoản vì vi phạm chính sách gì đó, mà không hề có bất kỳ thông báo gì, chỉ tới khi nhấn giao hàng mới thông báo vài dòng sơ sài. Chỉ đến khi tôi đi hỏi cskh mới nhận được 1 câu là do lạm dụng mã khuyến mãi. Lạm dụng mã khuyến mãi là lạm dụng như thế nào? Mã khuyến mãi đặt ra không xài chẳng lẽ để trưng cho đẹp? Trải nghiệm người dùng không tốt nên tôi đã quyết định xoá app. ‐---------------------------------------------- Tiki đã trả lời và xử lý vụ khóa hợp lý.",negative,0,1,0,1,1,positive,True,negative,score-based sentiment is positive but content looks negative,True,1,1,1,0,1,review sentiment auto-adjusted; manual review recommended
85fb1cb7-307f-4c65-96e1-46582849eefd,"App tiki hay bị lỗi toàn out người dùng và hiện tại androi 4,5 hay 4.2 gì đó đã rất lâu rồi ko dùng đc app. Mong tiki sớm khắc phục ạ",negative,0,0,0,0,1,positive,True,negative,score-based sentiment is positive but content looks negative,True,0,0,0,0,1,review sentiment auto-adjusted; manual review recommended
eae36baa-1166-401a-aaf6-ce1d6e5aa871,Mấy bữa nay sao thấy TiKi giao trễ và ko đúng hẹn nữa!😤,negative,0,0,0,0,0,neutral,True,negative,score-based sentiment is neutral but content looks negative,True,0,0,0,0,0,review sentiment auto-adjusted; manual review recommended; all aspects are 0; verify if review is general
837994d4-1cd5-4c5a-846d-7d9d1dc6eaaa,bỏ quảng cáo,neutral,0,0,0,0,0,neutral,False,unclear,,False,0,0,0,0,0,all aspects are 0; verify if review is general
0b0cf1eb-f285-441d-b1ad-1e32acd6b4f9,Rất thất vọng...,negative,0,0,0,0,0,negative,False,negative,,False,0,0,0,0,0,all aspects are 0; verify if review is general
a284343c-98d3-4188-81b1-0fa00984c6ee,Hàng chuẩn.,positive,1,0,0,0,0,positive,False,unclear,,False,1,0,0,0,0,
88827c7f-2991-40c2-b601-703529014838,"Ít hàng hóa, ko chất lượng",positive,1,0,0,0,0,negative,True,positive,score-based sentiment is negative but content looks positive,True,1,0,0,0,0,review sentiment auto-adjusted; manual review recommended
f1ebf57e-3bca-4649-90b1-07a35fc413b9,sản phẩm lỗi đã báo cáo với tiki rất lâu nhưng không có phản hồi còn 1 đơn nữa thì ko ghi là hết hàng mà lúc ship lại nhắn tin là hết. Trước giờ cứ tưởng Tiki uy tín lắm. Hơi đắt tí nhưng mình vẫn chọn mua ai ngờ,negative,1,1,1,1,1,negative,False,unclear,,False,1,1,1,1,1,
1d5a0687-49da-4d1c-bf97-0f7cee99ab13,"Chưa có bảng xếp hạng các danh mục sản phẩm đc mua nhiều, k cis phần riêng cjo việc nhận code",neutral,1,0,0,0,0,neutral,False,unclear,,False,1,0,0,0,0,
6fd2d0c0-459f-4c82-b586-87c1dbf34c31,"Lúc trước tiki cho mình trải nghiệm tốt bao nhiêu thì giờ cho mình trải nghiệm tệ bấy nhiêu. Lúc trước đặt hàng hơn tuần là có, bây giờ cả tháng vẫn chưa thấy hàng đâu. Tình trạng hủy đơn thì ngày càng phổ biến. Vẫn biết khi hủy đơn tiki sẽ cho mã giảm giá nhưng một hai lần thì còn chịu đc chứ, chứ cứ lần nào mua cũng hủy đơn như thế này thì ai mà chịu nổi. Sản phẩm ko thể giao cho khách đc thì đừng có để trên gian hàng chứ. Xong rồi hủy đơn hàng năm tiếng trời mới thông báo cho khách,khi cả ngày",neutral,1,1,0,0,1,neutral,False,unclear,,False,1,1,0,0,1,
f0b9dc00-3348-4718-bea5-4c9c4ac94468,rat hai long,positive,0,0,0,0,0,positive,False,positive,,False,0,0,0,0,0,all aspects are 0; verify if review is general
47087ee0-ae3e-43f1-b76a-9818020f71db,"quá bực mình.ủa mình k dùng thẻ có internet banking là k mua đc hàng. chuyển khoản trc thì shop gửi 3 cái thứ đồ xài rồi,còn k là shipper gửi đại đâu đó gần nhà để mất đồ của mình,khi nhận k đc kí tên,chuyển khoản r, có nhận hay k,cũng k ai biết. ủa mình đặt đồ,mà 5 ngày chưa xác nhận đơn,mình có quyền hủy để đặt chỗ khác chứ,mắc j hủy nhiều là bắt chuyển khoản????? mình xài ví senđo ,1 là mất đồ, 2 là gửi cái thứ mà bung nắp,đã xài rồi. khó khăn quá thì thôi,khỏi đặt",negative,1,0,1,0,0,negative,False,unclear,,False,1,0,1,0,0,
eed37ff7-365d-483c-b600-911199848a81,Sendo mình cần phải cập nhật phiên bản mới + giao hàng thật nhanh tận nơi tận địa chỉ nữa nha lúc trước mình đặt phải xuống huyện Mình lấy và mình xoá một thời gian mong sendo hơn lazada,positive,1,0,1,0,1,positive,False,unclear,,False,1,0,1,0,1,
c0e5ef51-2e86-4917-a20a-7d1f03669381,Ứng dụng hay wa,positive,0,0,0,0,1,positive,False,unclear,,False,0,0,0,0,1,
0fa37f09-b9c4-447d-a64c-635302ec8c58,Bị lổi hoài,negative,0,0,0,0,0,negative,False,unclear,,False,0,0,0,0,0,all aspects are 0; verify if review is general
4dd9f106-b4e0-44dc-82d4-9591219ef2f8,Mua sắm rất tiện lợi anh em tải ve di nhé,positive,0,0,0,0,0,positive,False,unclear,,False,0,0,0,0,0,all aspects are 0; verify if review is general
62f38b57-cf2c-4860-9468-8b0aea4f06e8,Sao hotline k gọi dc. Không thanh toán bằng credit card dc nữa vậy.,neutral,0,0,0,0,1,neutral,False,unclear,,False,0,0,0,0,1,
42b772c6-5243-43e2-8172-fb8912611af0,"Tạm hài lòng , vì 1 số shop giao hàng ko như quảng cáo",positive,1,0,1,0,0,positive,False,unclear,,False,1,0,1,0,0,
0bddc698-6203-4d5c-9726-3e9e4998d658,"Mua hang o tiki luc nao cung yen tam va hai long sipper thi nhiet tinh k cau gat,nhung phai co them nhieu mat hang hon nua chu nhieu luc muon mua tren tiki ma kiem k ra mon do minh can nen chi chut xiu cam thay buon thui nhung se ung ho tiki dai dai!🤙🤙🤙",positive,0,0,0,0,0,positive,False,unclear,,False,0,0,0,0,0,all aspects are 0; verify if review is general
7aea0895-7dc0-4104-9ba3-1602a6bfcaf8,"Rất thích tiki, nhưng cũng rất mệt mỏi vì mỗi lần nhấn vào sản phẩm gì đó xem, quay trở về thì lại về đầu trang web. Phần nhận xét cũng vậy nhấn vào hình xem các bạn ấy review, quay về thì vẫn tải lại từ đầu trang. Tiki deal rất nhiều, xem 50sp là 50 lần nhảy lại từ sp 1. thêm vào phần theo dõi cũng vẫn cứ tải hoài như bị lag mạng. Mong tiki khắc phục. Ủng hộ",positive,0,0,0,0,1,neutral,True,positive,score-based sentiment is neutral but content looks positive,True,1,0,0,0,1,review sentiment auto-adjusted; manual review recommended
8dc37b0c-937d-42f4-bc10-534b4e4b075c,Quá hạn giao cũng không thông báo lý do,negative,0,0,0,0,0,negative,False,unclear,,False,0,0,0,0,0,all aspects are 0; verify if review is general
68ed40c4-eef9-4adc-841b-674ad510d9f8,rat hai long,positive,0,0,0,0,0,positive,False,positive,,False,0,0,0,0,0,all aspects are 0; verify if review is general
fdd9324a-8b26-441d-ba55-ed8392b74ea9,"Tiki không có chính sách để chế tài những Shop thổi giá rất cao đến mức vô lý, rồi sale thật sâu. Tôi không tin tưởng Tiki.",neutral,0,1,0,0,0,neutral,False,unclear,,False,0,1,0,0,0,
f3b0b92b-0692-443a-aac3-48e439b048df,Sen đỏ quảng cáo nhiều quá đề nghị cho ít quảng cáo Đi😡😡😡,negative,0,0,0,0,0,negative,False,unclear,,False,0,0,0,0,0,all aspects are 0; verify if review is general
832c0e70-9551-4f27-824f-4e80ff7cffaa,"Cập nhật phiên bản mới xong ko mở đc giỏ hàng, muốn mua hàng cũng bó tay",negative,0,0,0,0,1,neutral,True,negative,score-based sentiment is neutral but content looks negative,True,1,0,0,0,1,review sentiment auto-adjusted; manual review recommended
b5f1895d-03ba-43d7-8c34-ae104bf57b4e,Nói chung không thể nào biết rõ được j vì tìm sản phẩm thấy ít quá,negative,1,0,0,0,0,negative,False,unclear,,False,1,0,0,0,0,
dd5261eb-d154-4121-a51e-d892a9f8ab8f,App mua sắm cskh rất kém săn sales ko giao hàng người bán và khâu vận chuyển xích mích tự hủy đơn hàng của khách và đổ thừa khách ko nghe máy. Rất tệ khi mua hàng ở app này mọi người qua shopee hay tiki mua hàng se ổn hơn.,negative,1,1,1,0,1,negative,False,negative,,False,1,1,1,0,1,
43464680-98f1-4e3b-b27a-e6c6ad6cd9c2,giao hàng thì phải thông báo trước cho khách. chứ đâu phải lúc nào cũng trực ở nhà để nhận hàng.,negative,1,0,1,0,0,negative,False,unclear,,False,1,0,1,0,0,
15c80d03-66e0-43b1-884b-8815fd056785,sao mk ấn vào gửi nhận xét mà toàn bị báo là xảy ra lỗi k vậy,neutral,0,0,0,0,1,neutral,False,unclear,,False,0,0,0,0,1,
9b956229-264c-4a1a-8cb1-bea0b45181ec,bình thường 0.4,positive,0,0,0,0,0,positive,False,unclear,,False,0,0,0,0,0,all aspects are 0; verify if review is general
55231634-31de-47f8-9e80-c723c632b20b,Đặt hàng toàn bị hủy thanh toán thì toàn bắt thanh toán trước,negative,1,0,0,0,1,negative,False,unclear,,False,1,0,0,0,1,
b9fa9b2b-6972-404a-9429-c784996fa804,Giao hàng lâu quá shop ơi,positive,1,0,1,0,0,positive,False,unclear,,False,1,0,1,0,0,
1ce1905d-e1c8-4098-8032-a7f4ef34d38c,tiki bị lỗi hay sao đấy ạ. E k vào xem sản phẩm đc. Sherch sản phẩm xog chỉ nhìn giá. Còn khi bấm vào xem chi tiết thì bị trắng màn hình rồi văng ra ngoài. Em đã thử xóa ứng dụng tải lại nhưng k khắc phục đc. Mong là tiki sẽ đc sửa lỗi ạ.,neutral,1,1,0,0,1,neutral,False,unclear,,False,1,1,0,0,1,
9caf6ab6-b9bf-44db-a4c9-fcc30cded5fe,tôi rất hài long với tiki,positive,0,0,0,0,0,positive,False,positive,,False,0,0,0,0,0,all aspects are 0; verify if review is general
87cbd674-b80c-4c1f-9108-76b6cd3d92f7,Chờ cài đặt lâu lắm Lâu quá không thể hiểu được tệ bạc Nói chung là vậy,negative,0,0,0,0,1,neutral,True,negative,score-based sentiment is neutral but content looks negative,True,0,0,0,0,0,review sentiment auto-adjusted; manual review recommended; all aspects are 0; verify if review is general
3523499c-dad2-4618-99ef-390deaa84326,tạo tài khoản khó bỏ mẹ.xoá luôn cho nhanh,negative,0,0,0,0,0,negative,False,unclear,,False,0,0,0,0,0,all aspects are 0; verify if review is general
7c71fafd-8044-4ffe-a547-ca8cd1dfa715,Hàng chính hãng giao nhanh,positive,1,0,0,0,0,positive,False,unclear,,False,1,0,0,0,0,
15ea7877-80cb-48a1-bee8-94fe7deaea67,"Kb tại sao mình k thể xem giỏ hàng đc, vào k hiện gì cả lúc trước rất thích tiki mua hàng cg ok nhưng hôm qua đến giờ mình muốn mua mà k thể nhìn đc sp trong giỏ",positive,0,0,0,0,1,neutral,True,positive,score-based sentiment is neutral but content looks positive,True,1,0,0,0,0,review sentiment auto-adjusted; manual review recommended
7d3d0416-1d1e-4439-bbaf-b67bc287900b,Ko có tai nghe ko dây samsung,positive,0,0,0,0,0,positive,False,unclear,,False,0,0,0,0,0,all aspects are 0; verify if review is general
b9ca2f63-829f-4d25-a8e1-0338c25c2516,Giao hàng mau lẹ nhưng cây nhỏ quá,neutral,1,0,1,0,0,neutral,False,unclear,,False,1,0,1,0,0,
14a5a961-1307-479e-b506-9205f5b37da3,Mới biết nên còn lủng cũng đặt hàng Sendo có thể đơn giãn thể thức khi khách hàng muốn mua nhiều mặt hàng trong một lần ( một đơn hàng gồm nhiều mặt hàng khác nhau),neutral,1,0,0,0,1,neutral,False,unclear,,False,1,0,0,0,1,
fd95bc65-b011-44f0-9d71-0344486a4a9c,Lừa đảo khách hàng,negative,1,0,0,0,0,negative,False,negative,,False,1,0,0,0,0,
2f9215fd-9f08-4a21-b250-7ac4cee4522b,"Phiên bản mới thông báo kêu ""tiki"" nghe toàn bị giật mình. Âm thông báo kêu tiki thực sự rất rất khó chịu",negative,0,0,0,0,0,negative,False,negative,,False,0,0,0,0,0,all aspects are 0; verify if review is general
6b14909f-cbfa-456c-826e-7c392796f5a8,"Đơn hàng 2 thág không giao cũng không cho hủy, nhắn tin yêu cầu hỗ trợ hủy thì không trả lời, tiki làm ăn như vậy đấy chẳng muốn mua hàng trên đây",negative,1,0,0,1,1,negative,False,negative,,False,1,0,0,1,1,
d72a540f-5f28-46a7-b981-3300629d6ba2,moi nhap ma chua mua gi neu tot se xai ung dung nay quan trong la nha ban hang đung to ve ko can khach du lich su nhung neu ko hap se ko mua,positive,0,0,0,0,0,positive,False,unclear,,False,0,0,0,0,0,all aspects are 0; verify if review is general
6cd801c5-9587-4539-b01b-4986abe441b3,Cài đặt lâu quá,neutral,0,0,0,0,0,neutral,False,unclear,,False,0,0,0,0,0,all aspects are 0; verify if review is general
60eeaa50-c477-4ef2-839c-84f927aab7f7,"giao hàng nhanh, chính sách tốt có đổi trả, giải quyết khiếu nại nhanh",positive,1,0,1,1,0,positive,False,positive,,False,1,0,1,1,0,
744459a2-b051-41ca-ac51-65d6553e6647,Càng ngày càng như qq giao hàng thì trể liên hệ thì chả biết chát trực tiếp ở đâu😡😡,negative,1,0,1,0,0,negative,False,unclear,,False,1,0,1,0,0,
f5cd37dc-3619-4e0d-a4f0-bef21c451b02,"TiKi giao hàng nhanh, nhân viên giao hàng nhiệt tình và thân thiện. Sẽ ủng hộ TiKi !",positive,1,0,1,1,0,positive,False,positive,,False,1,0,1,1,0,
fd234c68-c5e7-4ece-bb5c-021d5cc7560c,"Đặt ở Tiki rất là nhiều lần rồi,lần nào cũng vô cùng hài lòng lắm luôn😊😊Gói hàng vào hộp rất là kĩ lưỡng,sách mới,đẹp,không hư hại hay rách gì,giá thành rất ổn😉Với lại ưu điểm chính là giao hàng vô cùng nhanh,đặt hôm nay thì trưa ngày mốt đã giao tới😁😁😁Mong Tiki nhập nhiều sách Tiểu thuyết ngôn tình về ạ😊",positive,1,1,1,0,0,positive,False,positive,,False,1,1,1,0,0,
2b954ed2-edb7-43c3-9286-ef39e3c56e05,"đơn hàng đặt từ 20/08 đến tận giữa tháng 10 ngâm kho và không có động thái giao hàng, liên hệ CSKH phản ánh cũng không giải quyết, tức tối phải hủy đơn và mất 2 tháng chờ cho đơn hàng giao với phạm vi 80km. Quá kinh khủng.",negative,0,0,1,1,0,negative,False,unclear,,False,1,0,1,0,1,
e9c00b5b-e27b-4396-b116-d7d7fea51789,Giao hàng lâu vãi chưởng,negative,1,0,1,0,0,negative,False,unclear,,False,1,0,1,0,0,
8b022701-8676-4034-9798-2a3ca4f336dd,"Tiki chăm sóc khách hàng cực tệ, tôi cực kì thất vọng với cách phục vụ này. Tôi gửi khiếu nại lập tức nhận được thông tin kết nối giới thiệu nhân viên tên Vân. Tôi gửi nội dung chờ hoài chẳng thấy phản hồi (khoảng 20 phút). Tôi vừa rời khỏi máy sau đó vào lại thì nhận 2 tin nhắn nói do không thấy tôi phản hồi nên Tiki kết thúc cuộc trò chuyện. Chẳng lẽ chỉ có khách hàng mới phải chờ Tiki còn Tiki thì không? Hệ thống không hề hiển thị thời gian chat để biết là mỗi bên phải chờ bao lâu.",negative,1,0,0,1,0,negative,False,negative,,False,1,0,0,1,0,
61b34b4f-b388-4bc3-a40d-603d45fce670,"Nghĩ sao trên hình thì to đẹp mà đến khi giao hàng thì nhỏ, ko giống trên hình là sao",negative,1,0,1,0,0,negative,False,unclear,,False,1,0,1,0,0,
f83d39ee-8b3e-44dd-a47b-7ca060b559bf,Đọc comen là muốn cho 1 sao rồi,negative,0,0,0,0,0,negative,False,unclear,,False,0,0,0,0,0,all aspects are 0; verify if review is general
b71c8bde-7d79-4683-92fb-f019087d01c4,Khi xem thông tin chi tiết bị lỗi cần khắc phục.,neutral,0,0,0,0,1,neutral,False,unclear,,False,0,0,0,0,1,
9c44c408-da5a-48b5-8bd6-63e95270d917,"Dịch vụ giao hàng quá tệ, toàn giao vào những lúc mình bận họp. Hẹn giờ giao lại nhưng nhân viên giao hàng k để tâm, lại tới vào khung giờ mình ko lấy được rồi auto hủy đơn hàng ...",negative,1,0,1,1,1,negative,False,negative,,False,1,0,1,1,1,
a3d346af-194f-4942-b990-2c712ed18365,"Để theo dõi thêm ít thời gian nữa nhé, chưa thể nói trước điều gì.",neutral,0,0,0,0,0,neutral,False,unclear,,False,0,0,0,0,0,all aspects are 0; verify if review is general
f35c523f-4472-44a6-8ef0-1c02a54a5e84,Ko đặt được hàng.viet ho va ten day du ma no cu thong bao la : viet ho va ten ko co cac ki tu dac biet va so,negative,1,0,0,0,0,negative,False,unclear,,False,1,0,0,0,0,
0c5503d0-b30e-4f57-8524-1a8208c17e8b,"Mua 1 quyển sách mà cứ tự động tính tiền các quyển giới thiệu. Lại mất công 
tích lại.",neutral,0,1,0,0,0,neutral,False,unclear,,False,0,1,0,0,0,
f95c42a4-94b6-4541-9a39-f846c46298a8,"Mình rất tin tưởng khi mua hàng trên tiki. Ứng dụng tốt, ko đơ giật hay lag ngay cả lúc cao điểm mua sắm.",positive,1,0,0,0,1,positive,False,unclear,,False,1,0,0,0,1,
d649745c-ee39-4930-9bf0-0af8affb3068,không nên tải sendo chắc lượng sp cả vận chuyển củng rất lâu không bjo giao nhanh cho khách người ta đặc tức nhiên cần gấp r,negative,0,0,1,0,0,negative,False,unclear,,False,0,0,1,0,0,
90b22a05-b5e1-4573-8c50-3346675f2695,Ứng dụng liên tục báo j đấy rất bực bội. Nhưng mở đt ra méo có j. Lần sau phát hiện ra là do con sendo chạy ẩn. Xoá mẹ nó app luôn.,negative,0,0,0,0,1,negative,False,unclear,,False,0,0,0,0,1,
de7b79ae-a884-4286-abc2-619205cebcc8,Amazon túc hơn,negative,0,0,0,0,0,negative,False,unclear,,False,0,0,0,0,0,all aspects are 0; verify if review is general
c14f4a7d-1f5d-4001-a0fb-348ce83a4825,Mình muốn xài mà không biết vào shop đó mua nhiều món mà ko biết sao,neutral,0,0,0,0,0,neutral,False,unclear,,False,0,0,0,0,0,all aspects are 0; verify if review is general
2e8e8c9d-e798-482b-b497-5150171f8002,Hàng ngon giao nhanh,positive,1,0,0,0,0,positive,False,positive,,False,1,0,0,0,0,
ec51b259-964d-4eb0-a543-aa35b864887d,Sao tải về mà mở lên trắng bóc màn hình . Xóa đi tải lại 2 lần r vẫn vậy . Oppo n1 lỗi do máy mình hay do app v ak ?,negative,0,0,0,0,1,negative,False,unclear,,False,0,0,0,0,1,
ba2e73a9-ec07-4804-b322-df51974fd02c,verry good,positive,0,0,0,0,0,positive,False,unclear,,False,0,0,0,0,0,all aspects are 0; verify if review is general
a7e5a883-7263-4e8d-ac3f-f76d007d8367,Ship hàng hơi chậm,positive,1,0,1,0,0,positive,False,unclear,,False,1,0,1,0,0,
9647f5e8-c7d3-4911-8fbd-de629f7e8ee3,tạm được😆😆,positive,0,0,0,0,0,positive,False,unclear,,False,0,0,0,0,0,all aspects are 0; verify if review is general
e475ad23-2e4e-4c77-a64f-14ae818d3fb7,Nếu mình mún múa xe máy mình cần giấy tờ gì AK của,neutral,0,0,0,0,0,neutral,False,unclear,,False,0,0,0,0,0,all aspects are 0; verify if review is general
09c31361-f98b-4fc2-a062-152e0b3e73e0,"Đang tải, đọc bình luận xong hủy tải luôn.",neutral,0,0,0,0,0,neutral,False,unclear,,False,0,0,0,0,0,all aspects are 0; verify if review is general
0c5d8e80-3650-41d6-8e63-b58ead09d9ea,Hàng rất tôt,positive,1,0,0,0,0,positive,False,positive,,False,1,0,0,0,0,
6cc9a6c8-e138-46d5-a203-28bc5fbb3730,Cũng thấy tiên còn hàng chửa tới,neutral,1,0,0,0,0,neutral,False,unclear,,False,1,0,0,0,0,
7de56647-1a53-400a-8171-38d8df159074,"Sendo ban hang rẻ hơn so với trang TM điện tử khác, thường miễn ship và có voucher gỉam giá. Giao diện dễ sử dụng, Nhưng hàng sendo bán thường không chât luong như tiki, lazada, nhiều Hang nhái. Về thời trang thì zỏm thôi rồi, mua về là vứt. Đề nghị sendo kiểm duyệt shop và sản phẩm trước khi đăng bán, mong sendo cải tiến, dù sao cũng luôn ủng hộ sendo",positive,1,1,1,0,0,neutral,True,positive,score-based sentiment is neutral but content looks positive,True,1,1,1,0,0,review sentiment auto-adjusted; manual review recommended
3ec2e4b5-c30a-49f8-ad63-fded07aa2ac7,Cái lmm ra suốt ngày coi cái cc j cũng quảng cáo của tụi m nổi lên 1 video quảng cáo chục lần ngáo hả j,negative,0,0,0,0,0,negative,False,unclear,,False,0,0,0,0,0,all aspects are 0; verify if review is general
088571ff-1201-436a-997e-272adbec6fa2,Thuật toán lọc từ khoá tìm kiếm sản phẩm không được thông minh bằng shoppee và lazada,neutral,1,0,0,0,0,neutral,False,unclear,,False,1,0,0,0,0,
5a0a322d-b44e-41a4-b1e7-8262aaf2c62f,ứng dụng này rất tiện lợi,positive,0,0,0,0,1,positive,False,unclear,,False,0,0,0,0,1,
b0b3ed58-9311-417a-a399-af98589733ee,Tẹ lắm không thích ứng dụng này,negative,0,0,0,0,1,negative,False,unclear,,False,0,0,0,0,1,
ba586414-3767-426c-9d4f-b4ac7441e04c,"đơn hàng đầu tiên giao hàng nhanh vượt dự kiến rất hài lòng. đơn hàng thứ 2, đã thanh toán trước hẹn 26/7 giao hàng, nhận thông báo lần 1 hết hàng dự kiến chuyển sang ngày 29/7 nhưng đến hẹn lại nhận tiếp thông báo dự kiến 06/8 mới nhận được hàng. Tiki xử lý vấn đề kém, tình trạng giao hàng delay không chấp nhận được.",positive,1,0,1,0,1,negative,True,positive,score-based sentiment is negative but content looks positive,True,1,0,1,0,1,review sentiment auto-adjusted; manual review recommended
4f8b13b3-6eab-44e6-b503-2a570e223eb8,Ung dung tốt,positive,0,0,0,0,0,positive,False,unclear,,False,0,0,0,0,0,all aspects are 0; verify if review is general
ff920f57-e59f-48c9-b283-a9b0a5853c91,"Sao không download về được vậy ad , mong ad có thể cải thiện nhanh chóng quá tệ 😑👎",negative,0,0,0,0,0,negative,False,negative,,False,0,0,0,0,0,all aspects are 0; verify if review is general
187a0d0a-84b2-478d-9d84-5dd891aad1a4,em mog tiki giào hàng nhanh hơn tí .. chứ hàng em tiki hẹn tới 1 tuần ms giao ..huhu.. em hóng hàng 😫😫,positive,0,0,1,0,0,neutral,True,positive,score-based sentiment is neutral but content looks positive,True,1,0,0,0,0,review sentiment auto-adjusted; manual review recommended
331fe4fc-d713-489d-bdfc-ced8db5749bb,một số lỗi nhỏ.còn lại ok,positive,0,0,0,0,1,positive,False,unclear,,False,0,0,0,0,1,
a53684a1-7438-4f5d-8446-6fae52e89d27,"Sản phẩm tốt đúng như quảng cáo, Nhân viên giao hàng nhanh chóng và thân thiện",positive,1,0,1,1,0,positive,False,positive,,False,1,0,1,1,0,
69350c32-d494-4256-a74e-e4a3930f2dc1,"Rất tốt, luôn ủng hộ Tiki",positive,0,0,0,0,0,positive,False,positive,,False,0,0,0,0,0,all aspects are 0; verify if review is general
8a7215d2-075b-4f57-b8fb-e60d3c20efeb,rất tốt ship vừa phải,positive,0,0,1,0,0,positive,False,positive,,False,0,0,1,0,0,
06d44969-9d2c-4206-a2d4-a1f45d8c435e,"Vì mới đặt hàng, chưa nhận nên chưa thể cho đánh giá chính xác, hãy để sau khi nhận hàng đã nhé.",neutral,1,1,0,0,0,neutral,False,unclear,,False,1,1,0,0,0,
15d08291-5887-45e9-8c27-9d3ffcecbcf0,"Sản phẩm chất lượng đóng gói kỹ càng và có đầy đủ thông tin rõ ràng ,cảm ơn Tiki nhé",positive,1,0,1,0,0,positive,False,positive,,False,1,0,1,0,0,
08de3bee-381d-4049-ba32-48ba493d2384,Có shop lừa đảo chán vloz,negative,0,0,0,0,0,neutral,True,negative,score-based sentiment is neutral but content looks negative,True,0,0,0,1,0,review sentiment auto-adjusted; manual review recommended; all aspects are 0; verify if review is general
e9578775-5a95-44ce-b2ec-22073224db56,Làm ăn rất bát nháo Thánh toán mua 3g xong tiền trừ bị lỗi không hoàn tiền luôn Phục vụ dở tệ sẽ không quay lại,negative,0,1,0,1,1,negative,False,negative,,False,0,1,0,1,1,
a6e8e91a-ac91-4201-ad4a-ae814c9ae42f,"Mua hàng đã thanh toán trước, nhưng cho bao lâu cuối cùng do dịch ko gửi đi cung ko hoàn tiên j hết, dịch vụ chăm sóc khách hàng kém ..",negative,1,0,0,1,1,negative,False,negative,,False,1,0,0,1,1,
13c87082-a7d8-4ac6-a6f1-83abd0911042,OK tốt lắm tiki chuyển hàng rất nhanh cho 5sao nhé,positive,1,0,0,0,0,positive,False,positive,,False,1,0,0,0,0,
ce735e46-5d9f-4026-925f-614b53a1d78c,Shop quảng cáo là miễn phí ship mà khi đặt hàng thì vẫn thu phí ship hàng là sao vậy,neutral,1,1,1,0,0,neutral,False,unclear,,False,1,1,1,0,0,
c836ada2-9351-4f4b-980e-078ed7fdec6e,Mới tải về nè xem như thế nào mong sẽ tốt,neutral,0,0,0,0,0,neutral,False,unclear,,False,0,0,0,0,0,all aspects are 0; verify if review is general
7005790c-840e-45e4-861a-96855f2f873a,"Hàng không có,đăng lên làm gì",negative,1,0,0,0,0,negative,False,unclear,,False,1,0,0,0,0,
0ba14fe2-0e70-41f4-a828-06712a63dbaf,Cc tụi bây lừa đảo hả.me cái ốp trong ngoài Vios tụi bây bán j mấy triệu mẹ.zay mà kêu giảm giá lol gì,negative,0,1,0,0,0,negative,False,negative,,False,0,1,0,0,0,
b9f2a80f-c98e-47bf-b8f6-a37d0fd15e42,Tôi chưa mua hàng trên tiki Bao giờ nên tôi chưa dám đặt hàng,positive,1,0,0,0,0,positive,False,unclear,,False,1,0,0,0,0,
0a47162f-0b70-4b21-87b9-ed49f51d99b3,Tốt. Nếu thêm nhiều hàng mới giảm giá nữa thì tuyệt hơn.,positive,1,1,0,0,0,positive,False,unclear,,False,1,1,0,0,0,
