reviewid,content,sentiment,product,price,delivery,service,app,source_file
78569fdc-07a6-4c8f-a557-fd650aad4439,tệ hại.tiki làm ơn bỏ dùm cái vụ nhận xét tối thiểu 50 ký tự dùm...đôi khi 1 sản phẩm tốt chỉ cần 1 tốt là đủ đánh giá 1 món hàng....,neutral,1,1,0,0,0,absa_annotation_batch_003.csv
bb1522ea-0524-4367-a6f4-970e9f1741a8,Chức năng tìm kiếm sản phẩm quá tệ!,negative,1,0,0,0,0,absa_annotation_batch_002.csv
bb05ea24-cae8-49e4-95b9-18cbda85bab0,"Vì sao? Tôi mua ,nhận hàng trả tiền sau không được!.",neutral,1,1,0,0,0,absa_annotation_batch_002.csv
3d949703-f52b-436f-b8eb-ddc66f4143b9,Rất tuyệt vời!,positive,0,0,0,0,0,absa_annotation_batch_002.csv
856d121e-6305-4e31-a7dc-5f6a4fe25ed6,"bản cập nhật mới bị mất mục sản phẩm mua sau trong giỏ hàng, cảm thấy khá bất tiện, hy vọng sớm khắc phục",neutral,1,0,0,0,1,absa_annotation_batch_003.csv
56d5d0be-092e-499e-8d47-ca3132fb2ae2,cái kiểu mà mua đặt hàng 4.5 ngày rồi không giao sản phẩm lên giá thì báo hủy đơn hàng .rồi thông báo lỗi.lỗi j vậy,negative,1,1,0,0,1,absa_annotation_batch_003.csv
20ad1a38-d687-4851-a9f6-bb428cfa9cb6,Muốn mua bộ dây vòi,negative,0,0,0,0,0,absa_annotation_batch_001.csv
cd87d2bd-71fd-4163-abab-efe6d406b0dd,Ship quá tệ,negative,0,0,1,0,0,absa_annotation_batch_002.csv
20f80ce2-8002-4b58-baed-7c07e7caf14d,"ôi em vừa vào chọn đồ, hễ nhấp vào là bị thoát ra k thể nào đc. Phải làm cách nào để khắc phục ạ?",positive,0,0,0,0,0,absa_annotation_batch_003.csv
e40fe441-3177-4af2-b346-4c94a6e3a844,Mỗi lần vào đều phải đăng nhập lại thực sự khó chịu,negative,0,0,0,0,1,absa_annotation_batch_001.csv
22edee69-39e3-44d6-9360-3eab945ae445,Ko bit có tốn tiền ship ko nhỉ,neutral,0,1,1,0,0,absa_annotation_batch_002.csv
6581fa14-e8a1-4749-a581-2adacd1ac001,Lừa đảo giựt cô hồn gì chưa 1s đã hết món,negative,0,0,0,0,0,absa_annotation_batch_003.csv
9ad2d56b-0cc6-44e6-91b6-5cefec7e2a8e,Giá sản phẩm cao hơn các trang thương mại điện tử khác.,neutral,1,1,0,0,0,absa_annotation_batch_001.csv
e19a753f-1ddd-43b3-8c1a-1020e2cd7ad1,Không thích cách giao hàng và thời gian giao hàng của giao hành nhanh (rất chậm),positive,1,0,1,0,0,absa_annotation_batch_002.csv
07fdf174-a1bc-4df6-9ce8-8d417c855b47,"Có hay, co dở",neutral,0,0,0,0,0,absa_annotation_batch_003.csv
9922e884-5feb-4cde-9a03-eb36254b99fd,Tiki bảo trì lâu quá,neutral,0,0,0,0,0,absa_annotation_batch_002.csv
adecd38c-171c-414a-a607-ecb2dfea9f2f,"Tiki giao hàng nhanh, rất tiện cho mấy người hay nôn nóng như mình, về khoản sách thì cứ tiki mà quất thoi.",positive,1,0,1,0,0,absa_annotation_batch_003.csv
2ec8315d-368f-4793-a803-dc8ae1643d8c,Cái vụ quay trúng xu. Vậy xu dê làm gì vậy mọi người,neutral,0,0,0,0,0,absa_annotation_batch_002.csv
d1881e27-8f0e-481c-854b-ed6ed8c2e2f2,Cung rat hay nha xa hang cuoi nam nay hay lam luong do,positive,0,0,0,0,0,absa_annotation_batch_003.csv
a9ac3fc3-20ff-48d1-b8ee-94b2b37bde36,"Ổn rẻ chất lượng có lẽ thế, phí ship không mắc , đáng cài đặt ❤",positive,1,1,1,0,0,absa_annotation_batch_002.csv
bafe6347-91c2-4bf1-8297-7e073d1d0880,Toàn giới thiệu free mà ... ko thấy free,neutral,0,0,0,0,0,absa_annotation_batch_001.csv
60976aea-34be-48ac-a716-727cc73026aa,Hừ hu hu g Hữu g Hữu ý ggg hủy bỏ Đồng ý với ý nghĩa của,neutral,0,0,0,0,0,absa_annotation_batch_003.csv
d747231a-7668-4031-9eeb-99276ac7f424,"quãng cáo deal cho đã, vào canh méo có, ai cũng bị vậy. Hồi đầu tiki là nơi tin tưởng nhất, giờ thất vọng quá",negative,0,0,0,0,0,absa_annotation_batch_003.csv
66c5e4f3-d3ea-4d4c-80d3-b469157e7367,Tạm được...👌,positive,0,0,0,0,0,absa_annotation_batch_003.csv
dbd844d2-5b2e-4a9c-96a7-f6ad0c0aa761,"Đã gắn vào laptop, ok",positive,0,0,0,0,0,absa_annotation_batch_003.csv
dc0c9253-3133-4dc0-9e6d-47a858f5b22e,Tôi cho 1 xao tại vì sao? Thời gian đặt quá 4 ngày mà vẫn chưa vẩn chuyển hàng Thời gian chờ đợi quá lâu đến khi hàng đến đã hơn 10 ngày khách hàng đã ko muốn mua hàng vì thời gian quá lâu Đề nghị shop cải thiện cho phù hợp với gian nhận hàng lâu nhất chỉ đến 1 tuần là đến,negative,1,0,0,0,0,absa_annotation_batch_003.csv
df588682-c657-426d-9bc4-fb7a181651cc,vào app hay bị thoát ra ngoài,neutral,0,0,0,0,1,absa_annotation_batch_002.csv
dfd01140-3bc8-4ed5-8810-8e730b52cd53,Ứng dụng xài chán khó tìm thấy sp cần mua.,negative,0,0,0,0,1,absa_annotation_batch_001.csv
cd732f45-97a7-4df8-a670-a4159249555e,sao mà ko nhập địa chỉ dc z chứ nó cứ bảo là địa chỉ ko hợp lệ,neutral,0,0,0,0,0,absa_annotation_batch_001.csv
51a16556-675a-4488-98a4-da018d41a390,mình đặt hàng hơn 1 tuần rồi mà tiki vẫn chưa giao về. Muộn so với dự kiến tận 4 ngày và mình khá thất vọng.,negative,1,0,0,0,0,absa_annotation_batch_002.csv
ee8fa68f-de5c-449e-b6ac-6e31b372a727,"Giao hàng các kiểu ok, mà event lừa đảo kinh dị",negative,1,0,1,0,0,absa_annotation_batch_002.csv
99c4f4ef-59f8-42a6-81aa-bb8d43840c54,"Đặt hàng 1 tháng không thấy đâu, gửi mail thì ko thèm trả lời, gọi tổng đài không bắt máy, gọi được thì bảo do dịch nên thông cảm, trong khi các sàn thương mại khác hàng vẫn chạy đều, vậy các anh đóng băng hoạt động luôn à? Các anh bảo hàng chậm 7-10 ngày nhưng đây chậm 1 tháng xem có chịu nổi không, rồi hủy đơn cũng ko cho hủy, gửi thì cũng ko gửi, 1 sao là xứng đáng, xin chào tạm biệt luôn",negative,1,0,0,0,0,absa_annotation_batch_001.csv
0bddc698-6203-4d5c-9726-3e9e4998d658,"Mua hang o tiki luc nao cung yen tam va hai long sipper thi nhiet tinh k cau gat,nhung phai co them nhieu mat hang hon nua chu nhieu luc muon mua tren tiki ma kiem k ra mon do minh can nen chi chut xiu cam thay buon thui nhung se ung ho tiki dai dai!🤙🤙🤙",positive,0,0,0,0,0,absa_annotation_batch_001.csv
4d78f313-049a-4887-b66e-f1e1aef44d8d,Tot.......!,positive,0,0,0,0,0,absa_annotation_batch_001.csv
880e6509-fad3-410b-bf24-6831f149f707,tiki chỉ giao 2 tiếng khi ởi TP HCM thôi 🤔,neutral,0,0,0,0,0,absa_annotation_batch_002.csv
c35b5c45-1fa4-4c60-99df-9d0860cb08b7,Bộ lọc k hoạt động,neutral,0,0,0,0,0,absa_annotation_batch_002.csv
60eeaa50-c477-4ef2-839c-84f927aab7f7,"giao hàng nhanh, chính sách tốt có đổi trả, giải quyết khiếu nại nhanh",positive,1,0,1,1,0,absa_annotation_batch_001.csv
571c0782-8075-456f-aa8c-c9da76afc28f,Làm biến cho 5 sau Tết cho 1 sau mới hên 🤣,negative,0,0,0,0,0,absa_annotation_batch_002.csv
bcd7837a-eb90-43fe-b150-7e120314d5a1,"Tệ thật người ta diễn hay không cho thắng, cho mấy người giả trân thắng",negative,0,0,0,0,0,absa_annotation_batch_001.csv
69e044de-fe9e-4fd6-a69d-f855b6daa950,Sen do la mot ung dung tien loi,positive,0,0,0,0,0,absa_annotation_batch_003.csv
2b96ddf5-d9b9-45fb-8a0e-fcc8b47c63ca,"Nói thật ngày trước rất thích mua hàng trên tiki. Nhưng mà tiki toàn bị đơ khi mở app. Lại ít mặt hàng, tìm kiếm mặt hàng rất khó. Mình rất khó chịu. Mình đã giảm mua hàng trên tiki nhiều rồi",positive,1,0,0,0,1,absa_annotation_batch_003.csv
c8194a50-a6a9-48e9-97b0-bdfbc2021514,đặt hàng lâu quá mua 1 cái điện thoại mà 8 ngày mới tới yêu cầu gửi hàng nhanh hơn nếu nhanh hơn sẽ cho 5*...mua 1 cai điện thoại mà bảo là t5 mà đến t5 lại bảo là 6 ngày nữa mới tới ..yếu,negative,1,0,0,0,0,absa_annotation_batch_002.csv
e4f2fbc5-0074-4d9e-bc0e-724b54f37b0a,Ủng hộ Tiki dài dài.,positive,0,0,0,0,0,absa_annotation_batch_003.csv
cad22323-36ae-4f5d-9dbf-fc7fa34fdca0,"Tiện lợi, ship nhanh, hàng chất lượng",positive,1,0,1,0,0,absa_annotation_batch_003.csv
ffc6fe12-35ae-42a5-8a80-2ed8a6ee5eac,app bị gì thế mình đổi địa chỉ hok đc chỉnh lại cũng không đc un,negative,0,0,0,0,1,absa_annotation_batch_003.csv
a5ae4375-2d75-45de-9282-8ac9c608edfd,nó ko ra những j tôi tìm,neutral,0,0,0,0,0,absa_annotation_batch_003.csv
6fd2d0c0-459f-4c82-b586-87c1dbf34c31,"Lúc trước tiki cho mình trải nghiệm tốt bao nhiêu thì giờ cho mình trải nghiệm tệ bấy nhiêu. Lúc trước đặt hàng hơn tuần là có, bây giờ cả tháng vẫn chưa thấy hàng đâu. Tình trạng hủy đơn thì ngày càng phổ biến. Vẫn biết khi hủy đơn tiki sẽ cho mã giảm giá nhưng một hai lần thì còn chịu đc chứ, chứ cứ lần nào mua cũng hủy đơn như thế này thì ai mà chịu nổi. Sản phẩm ko thể giao cho khách đc thì đừng có để trên gian hàng chứ. Xong rồi hủy đơn hàng năm tiếng trời mới thông báo cho khách,khi cả ngày",neutral,1,1,0,0,1,absa_annotation_batch_001.csv
ee450e21-b31f-4e81-ad35-55d5f036fce2,"Shop quảng cáo láo, k trung thực đề nghị tẩy chay",negative,0,0,0,0,0,absa_annotation_batch_001.csv
0b0cf1eb-f285-441d-b1ad-1e32acd6b4f9,Rất thất vọng...,negative,0,0,0,0,0,absa_annotation_batch_001.csv
2d2e2e73-5620-4d86-b2f4-508027a89c71,"Cứ tưởng quay trúng iphone 11 rồi làm theo 3 bước là có tin nhắn xác nhận để nhận iphone, ai ngờ đợi mãi...",negative,0,0,0,0,0,absa_annotation_batch_002.csv
fd5ed43b-8bec-43be-b519-bf10b21d6373,Sản phẩm dễ sử dụng,positive,1,0,0,0,0,absa_annotation_batch_002.csv
11bbc43b-d3b5-415a-bba1-34745337ec64,Khó sử dụng,neutral,0,0,0,0,0,absa_annotation_batch_001.csv
6643721d-7028-498c-8b57-afa619db3154,Vo cung ung ý,positive,0,0,0,0,0,absa_annotation_batch_003.csv
69350c32-d494-4256-a74e-e4a3930f2dc1,"Rất tốt, luôn ủng hộ Tiki",positive,0,0,0,0,0,absa_annotation_batch_001.csv
8ef302a7-dadb-445a-9a6b-820adeba16fc,Xử lý đơn hàng quá chậm.tôi đặt mua cái loa mà 3 ngày rồi mà đơn hàng vẫn chưa xử lý..gọi shop thì ko bắt máy,negative,1,0,0,0,1,absa_annotation_batch_001.csv
ee9bd03a-9c58-4e2d-a025-9a65bfbd91ec,Cũng bình thường thôi,positive,0,0,0,0,0,absa_annotation_batch_003.csv
bd57d91a-9dc3-4b54-8b7b-4908ce7c42ba,qua te.hang không chất lượng,negative,1,0,0,0,0,absa_annotation_sample.csv
6c157154-bab3-4b94-8147-82c6b23b9ab6,hàng chất lượng,positive,1,0,0,0,0,absa_annotation_batch_002.csv
821567ce-7a33-455e-a6d1-ace0712f3e6b,"Mỗi lần mua hàng đã số là phải chờ đến từ 5 đến 6 ngày mới nhận được hàng , tôi đặt hàng 2 lần 1 sản phẩm đó và cùng 1 shop đó ,1 lần thì đợi đến khoản 7 ngày người giao hàng kg liên hệ với tôi mà lại bị hủy đơn do giao kg thành công, và 1 lần thì đợi shop xác nhận đến khoản 7 ngày cũng bị hủy đơn vì shop chưa xác nhận có hàng , mỗi khách sử dụng đc 5 mã miễn phí vận chuyển từ 0đ trong tuần vậy mà tôi chưa dùng đủ 5 mã đã kg dg đc nữa. vv.. NAM MÔ A DI ĐÀ PHẬT",negative,1,1,1,0,0,absa_annotation_batch_003.csv
66d01ad9-aaec-46d5-a9a0-5b37e7536003,Tìm 1 đằng lại ra 1 nẻo. :((,negative,0,0,0,0,0,absa_annotation_batch_002.csv
4f265fac-2ebb-463a-8763-a8ef2359c437,Tôi thấy shop cần nhiều ưu đãi hơn để thứ hút người mua chứ mặt hàng cần mua mắt hơn giá thị trường quá thì sẽ ít người tải về,negative,1,1,0,0,0,absa_annotation_sample.csv
3fc960ef-ca2c-4e3b-95c6-d6fe2ccf0448,Trải nghiệm tiki thấy nản.hàng thì ít.mục tìm kiếm thì giở.tìm kiếm cái này thù hiện cái mà chẳng liên quan đến ý nghĩa lẫn câu chữ.,negative,1,0,0,0,0,absa_annotation_batch_003.csv
ac5316f3-35c3-4977-889f-404c7f471233,₫₫xxx ff6xxfxxfx₫effed *r* e xxx feed xd3zzss xxfxxxxxxxxxxxxf6r5f4xxxxxxxxxxxxxxxxxxxxxxxxxxxxxxxxxxxxxxxxxf,neutral,0,0,0,0,0,absa_annotation_batch_002.csv
ec51b259-964d-4eb0-a543-aa35b864887d,Sao tải về mà mở lên trắng bóc màn hình . Xóa đi tải lại 2 lần r vẫn vậy . Oppo n1 lỗi do máy mình hay do app v ak ?,negative,0,0,0,0,1,absa_annotation_batch_001.csv
61d4217c-872f-48dd-8ffc-5cf581c5deb4,"Tiki đóng gói rất đẹp, sản phẩm cũng chất lượng. Giao hàng nhanh và shipper 
cũng rất nhiệt tình. Cảm ơn Tiki nhiều ạ",positive,1,0,1,0,0,absa_annotation_batch_003.csv
c07f5a9b-bf77-4e64-b6e4-905c974ad52d,Momo thanh toán tiện như vậy mà lại bỏ đi là sao Tiki??,negative,0,0,0,0,1,absa_annotation_sample.csv
7857d9cc-92f9-4f13-9a0a-8bf8392e996e,Toàn lỗi ko đăng ký đăng nhập gì được hết,negative,0,0,0,0,1,absa_annotation_batch_002.csv
828e82f5-222b-4bd9-81af-eaaf96d1cf1c,"Chậm ngày gửi, mong hãy khắc phục",negative,0,0,0,0,0,absa_annotation_batch_003.csv
7af37df9-ef97-46e3-9f79-dae4d468b1b8,Tải ứng dụng để quay thưởng cho vui. Tải xong không thấy gì.,negative,0,0,0,0,1,absa_annotation_batch_002.csv
fb372e51-9f22-4c7b-aa3c-0bba5f57acd2,"App gì lỗi hoài, vô giỏ hàng tiến hành mua cái báo đã có lỗi xảy ra? Gọi lên tổng đài thì kêu xóa tải lại, thiệt mất thời gian. Hết muốn mua luôn. Bị 2 lần rồi. Tiki nên xem và khác phục lỗi này nha.",neutral,1,0,0,0,1,absa_annotation_batch_003.csv
706d5fa8-3092-4ed1-b9ad-f07a349856d5,Đm mỗi cái địa chỉ mà đặt đéo đc. Đc cái quảng cáo trên mạng. 😤😤😤 Ko hài lòng tí nào,negative,0,0,0,0,0,absa_annotation_batch_001.csv
fecfcae0-9531-481b-bf60-2321ab356ec7,rất hài lòng với tiki,positive,0,0,0,0,0,absa_annotation_batch_001.csv
4903bc64-4112-4444-a910-63e4e9f54fc8,Good Night 💤🌙Good Night 💤🌙 😊 Sweet Dream🌱🍯🌱🌱🍯🌱🐝🌱 🌱🍯🌱🌱🍯🌱🌱🌱 🌱🍯🍯🍯🍯🌱🍯🌱 🌱🍯🌱🌱🍯🌱🍯🌱 🌱🍯🌱🌱🍯🌱🍯🌱 🌼🌱 Hi honey! 🌱🌼 👩💬Cool💫 👚👏💥 👖 👠👠 👩💬Cool💫 👚👏💥 👖 👠👠 👩💬Cool💫 👚👏💥 👖 👠👠 👩💬Cool💫 👚👏💥 👖 👠👠 👩💬Cool💫 👚👏💥 👖 👠👠 🌠🌠🌠🌠🌠🌠🌠 ◌⑅●♡⋆♡LOVE♡⋆♡●⑅◌◌⑅●♡⋆♡LOVE♡⋆♡●⑅◌◌⑅●♡⋆♡LOVE♡⋆♡●⑅◌◌⑅●♡⋆♡LOVE♡⋆♡●⑅◌◌⑅●♡⋆♡LOVE♡⋆♡●⑅◌◌⑅●♡⋆♡LOVE♡⋆♡●⑅◌◌⑅●♡⋆♡LOVE♡⋆♡●⑅◌◌⑅●♡⋆♡LOVE♡⋆♡●⑅◌ 😊 Sweet Dream 🌠🌠🌠🌠🌠🌠🌠 Good Night 💤🌙 😊 Sweet Dream 🌠🌠🌠🌠🌠🌠🌠,neutral,0,0,0,0,0,absa_annotation_batch_003.csv
53697d19-142d-41e3-9b07-fdf15de0f09d,Cái nay cũng được,neutral,0,0,0,0,0,absa_annotation_batch_003.csv
e5fbb059-dd35-45a7-8225-58857186eac8,App quá tệ . Các mặt hàng không phòng phú . Phải nói thật sendo tệ hơn lazada rất nhiều 👎👎👎👎,negative,1,0,0,0,1,absa_annotation_batch_003.csv
ffd6548d-913f-4681-a646-8829d568a639,hàng được 😃,neutral,1,0,0,0,0,absa_annotation_batch_003.csv
032f5cd9-38fd-4c62-bf40-b35c65a2c317,Ship rất nhanh và hay sale,positive,0,1,1,0,0,absa_annotation_batch_003.csv
57f3dc9a-3660-42dc-8850-9156f505c862,lần đầu tiên tải và mua hàng bị ship cho đợi nắng 30p gọi lại thì bảo chiều mới giao,negative,1,0,1,0,0,absa_annotation_batch_003.csv
ab19fce9-b788-4139-a33f-236a9f01bdfb,Tiki đc kiểm tra hàng ko,negative,1,0,0,0,0,absa_annotation_batch_002.csv
b312ab89-1d08-4ed3-82f8-28afeb701fbb,"Rất tiện lợi khi mua hàng, tiết kiệm được thời gian đi",positive,1,0,0,0,0,absa_annotation_batch_002.csv
b720e431-ed56-4b57-97bd-b6b6373a3218,Điên nhất là lúc ng ta đang chơi game thì quảng cáo,negative,0,0,0,0,0,absa_annotation_batch_003.csv
b1f3af02-389e-4b8d-a29d-4a45147dead7,Rất hài lòng,positive,0,0,0,0,0,absa_annotation_batch_003.csv
1a10562e-f67f-4fb6-9326-dbb6a2e79f5e,Tự nhiên tiki hông cho thanh toán tiền mặt nữa quá bất tiện cho những bạn hông có thẻ ngân hàng thì lm sao chuyển tiền fdc mong bên tiki xem xét lại... Hoizzz,neutral,1,1,0,0,1,absa_annotation_batch_003.csv
69c20631-6332-496b-a088-3e641c2b6f4f,"Helo nv Tiki . _tôi mới tải cấu hình về để xem các sản phẩm. tôi.cũng chưa biết cách nhận thông tin khi mình đã mua.1 sản phẩm thì xem lại thông tin ở mục nào. _Nếu có số thứ tự 1, 2 ,3.. ở phần cá nhân thì tôi sẽ biét được mình đã mua mà không phải chọn lần 2 nữa. _Mong nv hướng dẫn cho tôi biết cách. _ Khi sản phẩm mua ,có được đóng gói tránh bị rách và bọ tráo hàng hay không ? --> tránh tình trạng phản ánh mọi vấn đề , phải đổi trả. thank nv",positive,1,0,1,1,0,absa_annotation_batch_002.csv
741b5418-a829-415f-aa84-b21cd6f9c210,Tuyệt vời..,positive,0,0,0,0,0,absa_annotation_batch_001.csv
0027fb22-3a9b-4b83-a286-321389ab0431,"Nói bấm là có mà bấm tìm ""vape"" k có nên đánh giá 1* khỏi thắc mắc oce",negative,0,1,0,0,0,absa_annotation_batch_001.csv
ee064650-9a1f-4a93-a38a-811629c959f6,Mình tin tưởng sendo,positive,0,0,0,0,0,absa_annotation_batch_001.csv
488f7047-ded9-4236-a32f-8dc9cb3b4d36,Mới tải app dìa mà đăng kí không được tài khoản rồi! Ớn,negative,0,0,0,0,1,absa_annotation_batch_003.csv
caf3f181-2ec7-4cf3-a8d1-fee01dead861,Tốt nhất trong các ứng dụng mua hàng online,positive,1,0,0,0,1,absa_annotation_batch_002.csv
8b022701-8676-4034-9798-2a3ca4f336dd,"Tiki chăm sóc khách hàng cực tệ, tôi cực kì thất vọng với cách phục vụ này. Tôi gửi khiếu nại lập tức nhận được thông tin kết nối giới thiệu nhân viên tên Vân. Tôi gửi nội dung chờ hoài chẳng thấy phản hồi (khoảng 20 phút). Tôi vừa rời khỏi máy sau đó vào lại thì nhận 2 tin nhắn nói do không thấy tôi phản hồi nên Tiki kết thúc cuộc trò chuyện. Chẳng lẽ chỉ có khách hàng mới phải chờ Tiki còn Tiki thì không? Hệ thống không hề hiển thị thời gian chat để biết là mỗi bên phải chờ bao lâu.",negative,1,0,0,1,0,absa_annotation_batch_001.csv
cdb5e5c2-347e-4c48-81c0-e393e8d46be7,Quá tuyệt vời,positive,0,0,0,0,0,absa_annotation_batch_003.csv
be66fe37-95ca-422e-a936-c4f0645a7d4b,10 điểm cho tiki,positive,0,0,0,0,0,absa_annotation_batch_002.csv
2685cadf-d00a-49ef-aa31-356d31bfc16e,hàng đẹp giá tốt tôi rất thích tìm gì cũng có,positive,1,1,0,0,0,absa_annotation_batch_002.csv
3bcda114-be74-48d4-aad0-69c386b32490,Giá cao. Mặt hàng cũng như bao chỗ khác. Một ngày gửi không biết bao nhiêu cái POPUP quảng cáo. Chắc gấp 3-4 lần lzd+shopee cộng lại. Thật sự rất phiền phức. Không khuyến khích mua ở TIKI,negative,1,1,0,0,0,absa_annotation_batch_001.csv
64494e5e-79f9-44f2-85aa-5fcf09ca575a,Phản hồi chưa xác yêu cầu,positive,0,0,0,1,0,absa_annotation_batch_003.csv
c2d4da8a-5440-4821-a618-29abdbf979b0,Gõ cái này ra cái khác . thiệt là tức mà 😠,negative,0,0,0,0,0,absa_annotation_batch_001.csv
5b2e2b7e-fdf3-4377-be9c-ea14f9920740,TIKI Bấm là có đúng không nhưng..... TIKI Làm Gì có bán ACC đột kích cf haha!😋,neutral,0,0,0,0,0,absa_annotation_batch_003.csv
e9578775-5a95-44ce-b2ec-22073224db56,Làm ăn rất bát nháo Thánh toán mua 3g xong tiền trừ bị lỗi không hoàn tiền luôn Phục vụ dở tệ sẽ không quay lại,negative,0,1,0,1,1,absa_annotation_batch_001.csv
67d81298-f03e-45b6-8e7f-53377aed3389,"Làm việc quá sơ sài,khách ghi rõ địa chỉ như thế,mà đến khi vào phần tổng,ở đâu lòi ra thêm 1 cái phường khác,xong kéo dài thời gian giao hàng ra,đơn hàng chỉ trong thành phố từ Gò Vấp về Bình Tân,mà kéo dài cả tuần lễ,nhắn hỏi hàng nằm đâu,thì chỉ nhận được 1 câu trả lời,khi nào có cụ thể sẽ báo,bỏ hết công ăn chuyện làm để đợi lấy hàng do cần gấp mà gặp kiểu giao hàng này",negative,1,0,1,0,1,absa_annotation_batch_001.csv
bc7b7ebf-40a6-4714-a9e7-6a48f3aa3867,"Đáng lẽ đánh giá 5 sao.lúc mới vào rất tốt, đang mua hàng ngon trớn mua lia lịa thì bỗng dưng có nhiều món hàng cứ bị hủy... Nhưng hổng sao. Rồi đến một ngày nọ có món hàng bị hủy mà không chịu hòan tiền lại cho khách, đến nỗi khách phải vừa chờ đợi vừa khiếu nại thật lâu mới được... Còn nữa... Giận nghĩ chơi một thời gian.",positive,1,1,0,0,0,absa_annotation_batch_002.csv
65c26666-15a3-4acf-9f37-af4c4796cc77,Giao hàng chậm trễ!!!,negative,1,0,1,0,0,absa_annotation_batch_002.csv
ed146fa5-2b3c-4a29-8aa1-c65a38908652,Tam tốt cho 4 sao,positive,0,0,0,0,0,absa_annotation_batch_002.csv
dd04f5d1-6f31-4dae-8a78-93eb9cba8598,Đây là trang thương mại điện tử đbrr nhất cái việt nam này đặt từ 8/8 đến nay 15/8 vẫn chưa thấy shop bàn giao cho đơn vị vận chuyển mà cũng chẳng có tí động tĩnh nào tốt nhất qua lazada hay shopee mà mua nghỉ mẹ cái sendo đi,negative,0,0,1,0,0,absa_annotation_batch_001.csv
2239c7b6-b8c7-48cb-8f5c-13a69bd8d564,"Mua hàng rất tuyệt vời và rất mượt , ship hàng về rất nhanh",positive,1,0,1,0,0,absa_annotation_batch_002.csv
39a6d380-e109-4867-85fa-de34535aeeca,ứng dung này vỡ qua quên mất khẩu không lấy lại được bấm quên mặt khẩu mà còn bác nhật lại mặt khẩu là sao không ra j hết,negative,0,0,0,0,0,absa_annotation_batch_003.csv
fcfa3bd0-eec3-45bf-bf0f-2381f3269333,"Ship 38k , để giành sài luôn đi",negative,0,0,1,0,0,absa_annotation_batch_001.csv
9f487914-5c43-4591-9366-4fd47b7296d2,Ứng dụng như lol,negative,0,0,0,0,1,absa_annotation_batch_003.csv
806c2ff7-b285-4f7c-a1c0-62326d2a708f,Quá tầm thường,negative,0,0,0,0,0,absa_annotation_batch_001.csv
9d025bb5-92ce-4cf8-a1f2-e16db06087cc,Ko cho COD thì ít người mua lắm.đâu phải ai cũng có thẻ đâu,neutral,0,0,0,0,0,absa_annotation_batch_003.csv
499c5822-f0c1-47b6-a029-4cc6c5f9dcfd,ứng dụng này rất hay,positive,0,0,0,0,1,absa_annotation_batch_001.csv
d75f010d-4564-4827-98da-0d60798f4d41,Muốn mua hàng...mà phải tải app...? Tào lao. Ngưng xem luôn,negative,1,0,0,0,1,absa_annotation_batch_001.csv
7005790c-840e-45e4-861a-96855f2f873a,"Hàng không có,đăng lên làm gì",negative,1,0,0,0,0,absa_annotation_batch_001.csv
7779f769-5bc1-4258-9766-adab4d93061d,trả phí quá đắt,neutral,0,1,0,0,0,absa_annotation_batch_002.csv
860025fc-e7e7-4a46-b5be-1b6857d0aa08,"dat hang nhanh,",positive,0,0,0,0,0,absa_annotation_batch_003.csv
4a6aeaf4-5e0c-4019-b5f2-f873b851dc08,Mua hàng sen đỏ rất ok. Hay bị lỗi lâu lâu lại xuất hiện không cho bình luận live nên không mua được hàng.,negative,0,0,0,0,1,absa_annotation_batch_003.csv
54e530a6-60b0-4561-b5e6-b6357de52ac5,1* vì mời 1 người vô duyên với ánh nhìn sắc lẹm như Lan Ngọc làm đại diện thương hiệu,negative,0,0,0,0,0,absa_annotation_batch_003.csv
113181c2-b6b9-42f5-a8ea-197d225fb702,"Xài app tiki cũng khá lâu, nhưng mà cái lỗi nhập địa chỉ vào cứ báo là địa chỉ ko hợp lệ mãi ko hết. Hôm nay cần kíp phải đặt hàng, lại bị nên đành đổi cảm nhận 5 sao xuống 2 sao, hi vọng tiki sớm khắc phục.",negative,1,0,0,0,1,absa_annotation_batch_003.csv
57503b14-a12b-408d-88fa-5e0c2694a2b9,"Chưa hoàn thiện về việc trả lại tiền cho khách hàng, đợi chờ quá lâu, cần phải trả ngay cho khách hàng sau khi giải quyết vấn đề xong.",positive,1,1,0,0,0,absa_annotation_batch_002.csv
06d44969-9d2c-4206-a2d4-a1f45d8c435e,"Vì mới đặt hàng, chưa nhận nên chưa thể cho đánh giá chính xác, hãy để sau khi nhận hàng đã nhé.",neutral,1,1,0,0,0,absa_annotation_batch_001.csv
af67fbf7-1b37-4347-860d-6ada4cdb69a1,Sao đơn hàng của tôi cứ bị hủy hoài vậy,neutral,1,0,0,0,1,absa_annotation_batch_003.csv
5a988de3-ac25-4e3f-9bb7-e0b91799326d,Thấy nói 39k 11k Freeship mà ấn vào tiền ship cao hơn tiền mua.xạo lz,neutral,0,1,1,0,0,absa_annotation_batch_001.csv
5b262891-6bea-4498-b596-34d347106929,"Thu phí vận chuyển cao quá, hàng bán cũng đắt hơn chỗ khác.",negative,1,1,1,0,0,absa_annotation_batch_002.csv
f6bf1e90-bb27-47e0-bb53-b36cbfbbd85a,Vì mik thik,positive,0,0,0,0,0,absa_annotation_batch_003.csv
f299f896-0fff-42ef-8e24-dd55d798d4bd,Quán cáo ghi 12k vô thấy 122k?,negative,0,0,0,0,0,absa_annotation_batch_003.csv
5e1eb459-391d-4ea7-9453-9dd85a3e4711,Cần thêm chát với shipper về thời gian giao hàng,positive,1,0,1,0,0,absa_annotation_batch_002.csv
14e072ac-cb1e-432c-9e20-5fb996aaacf6,trải nghiệm tốt ko lo hàng giả kém chất lượng .,positive,1,0,0,0,0,absa_annotation_batch_002.csv
083b92ec-5537-49a7-9b2c-6ead00f3768d,No comment,positive,0,0,0,0,0,absa_annotation_batch_002.csv
6a3ebd08-59ed-47cf-9491-24eb3c87d4aa,Ok nhưng mọi người cẩn thận bị lừa nha mik nói trước Khi tải hong nên vào những shop bị bạ nha,positive,0,0,0,0,0,absa_annotation_batch_002.csv
221c89b2-978c-43a0-8a66-f4e9adae372d,"Ứng dụng mua hàng rất tốt nhưng cần phải cải thiện thêm đôi chút, ví dụ : đang lướt xem đến gần cuối, chỉ nhấp vào xem mặt hàng, khi bấm quay lại thì trở lại đầu trang, rất ức chế.... hi vọng đọc bài của tôi và cải thiện, tôi sẽ ủng hộ dài dài.",positive,1,0,0,0,1,absa_annotation_batch_003.csv
577e90c5-2e83-4266-a20e-4c7cff883327,Ứngdụng rất tiện ich,positive,0,0,0,0,0,absa_annotation_batch_003.csv
d3f3a82e-8bbe-4c6f-a72d-8cb1eeea517f,"Đang dùng, thấy để dzựt cô hồn nên xóa app luôn. 🙄🙄",negative,0,0,0,0,1,absa_annotation_batch_002.csv
3c675175-373d-4361-aee3-ffe5b699b4a2,Giao hàng quá chậm sản phẩm kém chất lượng,positive,1,0,1,0,0,absa_annotation_batch_001.csv
de30df48-ad4d-430c-874f-f22a95a96b58,Ứng dụng hay mọi người nên xài,positive,0,0,0,0,1,absa_annotation_batch_003.csv
49d9db20-833d-43e3-9047-3a39f34c17f4,San pham rat tot,positive,0,0,0,0,0,absa_annotation_batch_003.csv
a9f51b6e-9e7c-42d8-8138-9010a8734cbb,làm thế nào để hủy đơn hàng ạ,negative,1,0,0,0,1,absa_annotation_batch_002.csv
213d1c1d-daa5-475f-a485-9bddabebd0be,Ap dùng ổn ngoài 1 vài lần tích thanh toán bằng thẻ hơi chậm và hay bị đơ,positive,0,0,0,0,1,absa_annotation_batch_002.csv
1ad45a23-61a6-46e9-a75f-93610f67d2c9,"Mình cần mua côn nhị khúc. Năm 2019 thấy bán rất đa dạng, giá cả hợp lý. Giờ tìm không thấy cái nào",negative,0,1,0,0,0,absa_annotation_batch_002.csv
36eebd0c-49db-4d68-8286-3584c1000e1b,app này rất tuyệt vời,positive,0,0,0,0,1,absa_annotation_batch_003.csv
d0a1d78b-dc9f-4075-9f79-7ebae352837d,Tồn tại là không cho đồng kiểm. Trả hàng khó.,neutral,1,0,0,0,0,absa_annotation_batch_003.csv
9e6cc868-5061-4edd-a84d-77fb3f214af9,App sắp xếp thứ tự tìm kiếm quá lộn xộn. Bộ lọc tìm kiếm không hề có tác dụng. Rất bực mình.,neutral,0,0,0,0,1,absa_annotation_batch_001.csv
96ab1fec-9627-448f-8f41-e72e96e2e40b,"Gửi mã kích hoạt qua email mà cho 30s, chưa kịp mở mail nửa là hết thời gian. Nhấp gửi lại thì đợi nửa tiếng ko có. Cho 1 sao. Sau mấy tháng thử đăng nhập lại, báo gửi mã qua mail, mà ngồi chờ quài ko thấy cái mail nào, vẫn vậy, muốn cho âm sao luôn",negative,0,0,0,0,1,absa_annotation_batch_003.csv
b9ca2f63-829f-4d25-a8e1-0338c25c2516,Giao hàng mau lẹ nhưng cây nhỏ quá,neutral,1,0,1,0,0,absa_annotation_batch_001.csv
747e8aeb-8733-4bad-a249-fe5dd9a62f91,"Mong sendo sàng lọc triệt để những shop bán hàng ko uy tín, ko chất lượng trên web của mình, sp nên có nguồn gốc rõ ràng mới cho bán. Còn bán hàng tràn lan làm mất uy tín của sendo cũng như mất đi sự tin tưởng của khách hàng.",positive,1,0,0,0,0,absa_annotation_batch_003.csv
838b476c-980d-4d64-a2f7-f7c4b6c5cf7a,"Rất hài lòng, thích mua hàng trên tiki hơn cả shopee và lazada vì toàn là các gian hàng chính hãng. Cảm thấy an tâm! Cám ơn tiki! 😍",positive,1,0,0,0,0,absa_annotation_batch_003.csv
07de5d3b-edad-4e8e-995b-ee1e415f5757,Tải về mới đầu xài ok. Sau đó thì tự thoát.,neutral,0,0,0,0,0,absa_annotation_batch_001.csv
13d3643e-a653-4afc-ba40-8fd4c1d8dccd,Lúc thì ù lúc thì cháy,neutral,0,0,0,0,0,absa_annotation_batch_002.csv
7914bb13-36ec-43b9-a237-a6dde744fbcc,Giao hàng sai,negative,1,0,1,0,0,absa_annotation_batch_003.csv
738630ea-4d8e-4296-b75e-82d2d296c36a,Chị thu ơi bướm gái ok,positive,0,0,0,0,0,absa_annotation_batch_001.csv
ce0af934-a3e0-46ea-9285-30ff10669bc1,Làm ăn chán quá,negative,0,0,0,0,0,absa_annotation_batch_002.csv
04589224-748f-491e-a963-ee08ee7363e9,Cho mk hỏi làm sao bt đc phí vận chuyển ạ,neutral,0,1,1,0,0,absa_annotation_batch_002.csv
ebb6a386-2e5a-4e08-9738-c4e6cdebba26,Toi chua mua nhung thay ung dung rat hay chac co tien semuathoi,neutral,0,0,0,0,0,absa_annotation_batch_003.csv
9f6d5eee-8dd8-4003-92ec-638153178d68,"Giao hàng nhanh, thái độ tốt",positive,1,0,1,0,0,absa_annotation_batch_002.csv
b1d252da-5e14-4838-a0ce-ee6166d34acb,Cũng hài lòng với dịch vụ tiki,neutral,0,0,0,1,0,absa_annotation_batch_002.csv
a110266b-305d-4210-acd2-788d44c1d5cd,"Giao diện mới không đẹp , có sự trùng lập vs trang bán hàng khác , không còn nét riêng như trước , mình không thích sự thay đổi này",neutral,1,0,0,0,0,absa_annotation_batch_002.csv
3ce44feb-8b53-4ba2-a33a-d25fa7e1423a,"Nhiều cửa hàng uy tín,đặc biệt mh thích nhất là được quyền kiểm tra hàng trước khi thanh toán..",positive,1,0,0,0,1,absa_annotation_batch_003.csv
47087ee0-ae3e-43f1-b76a-9818020f71db,"quá bực mình.ủa mình k dùng thẻ có internet banking là k mua đc hàng. chuyển khoản trc thì shop gửi 3 cái thứ đồ xài rồi,còn k là shipper gửi đại đâu đó gần nhà để mất đồ của mình,khi nhận k đc kí tên,chuyển khoản r, có nhận hay k,cũng k ai biết. ủa mình đặt đồ,mà 5 ngày chưa xác nhận đơn,mình có quyền hủy để đặt chỗ khác chứ,mắc j hủy nhiều là bắt chuyển khoản????? mình xài ví senđo ,1 là mất đồ, 2 là gửi cái thứ mà bung nắp,đã xài rồi. khó khăn quá thì thôi,khỏi đặt",negative,1,0,1,0,0,absa_annotation_batch_001.csv
7c60daeb-bc97-4084-9abe-10203c91fa23,Ứng dụng rất tốt,positive,0,0,0,0,1,absa_annotation_batch_002.csv
57498f8c-2dda-4afa-a13c-b0e0cde3e2cb,Quá kém so với shopee,negative,0,0,0,0,0,absa_annotation_batch_002.csv
203da880-a37a-4571-b7fd-310e2aa954d7,"Tiền ship còn đắt hơn cả hàng, giao hàng ko đúng hẹn",negative,1,1,1,0,0,absa_annotation_batch_003.csv
c8f8331c-8cc2-4473-94d0-a6874f7c719c,Giao hàng hay bị muộn,neutral,1,0,1,0,0,absa_annotation_batch_003.csv
614cd064-2937-4586-9bd3-e30a8a7753c3,Đăng hình áo 1k hay 12k vô coi thấy bán khẩu trang ... đa số lừa đảo để khách vô coi . Đề nghị sendo dẹp kiểu bán hàng gian dối đó,negative,1,0,0,0,0,absa_annotation_batch_003.csv
8a7215d2-075b-4f57-b8fb-e60d3c20efeb,rất tốt ship vừa phải,positive,0,0,1,0,0,absa_annotation_batch_001.csv
9fc51088-7d3c-4094-a560-666c857b8b4a,Nó cũng hay đấy.,neutral,0,0,0,0,0,absa_annotation_batch_001.csv
ed7219d0-75cd-4094-931d-4d8a076e164a,bình thường,neutral,0,0,0,0,0,absa_annotation_batch_003.csv
de7b79ae-a884-4286-abc2-619205cebcc8,Amazon túc hơn,negative,0,0,0,0,0,absa_annotation_batch_001.csv
d6825962-83b9-46fd-a87e-9a487a63e383,Nhan vien giao hang rat te that vong khi mua hang tai tiki nay,negative,0,0,0,0,0,absa_annotation_batch_003.csv
0c5d8e80-3650-41d6-8e63-b58ead09d9ea,Hàng rất tôt,positive,1,0,0,0,0,absa_annotation_batch_001.csv
e2c67404-0d97-40e1-845b-c72ee9cd787a,rất tuyệt vời,positive,0,0,0,0,0,absa_annotation_sample.csv
154d0a25-3e29-408b-b9b5-0e2f97abcba2,Rat hài lòng,positive,0,0,0,0,0,absa_annotation_batch_001.csv
3523499c-dad2-4618-99ef-390deaa84326,tạo tài khoản khó bỏ mẹ.xoá luôn cho nhanh,negative,0,0,0,0,0,absa_annotation_batch_001.csv
0c5503d0-b30e-4f57-8524-1a8208c17e8b,"Mua 1 quyển sách mà cứ tự động tính tiền các quyển giới thiệu. Lại mất công 
tích lại.",neutral,0,1,0,0,0,absa_annotation_batch_001.csv
eed37ff7-365d-483c-b600-911199848a81,Sendo mình cần phải cập nhật phiên bản mới + giao hàng thật nhanh tận nơi tận địa chỉ nữa nha lúc trước mình đặt phải xuống huyện Mình lấy và mình xoá một thời gian mong sendo hơn lazada,positive,1,0,1,0,1,absa_annotation_batch_001.csv
998a9642-0f1f-4d04-93c3-aa9c0fbcbb58,"Trước kia mình đăng nhập bằng fb với lại có kèm sđt của mình , bây giờ mình mất cái nick fb đó rồi mà mình tạo lại mình lấy 1 sđt của mình mà k đc thì phải làm sao ạ ?",neutral,0,0,0,0,1,absa_annotation_batch_003.csv
c11d46f5-2fcb-4991-baca-e3dd8416af11,Giao hang nhanh goi hang ki luong,positive,0,0,0,0,0,absa_annotation_batch_002.csv
58ab2667-056d-4632-82c3-f2e0076d1c3b,"Trước đây thì rất hài lòng, nhưng từ đợt dịch thì làm ăn chán, ít khuyến mãi, mua được đơn hàng giảm giá thì lại bị bom hàng, gửi đến mấy cái túi rỗng",positive,1,1,0,0,1,absa_annotation_batch_003.csv
8ff24a12-87d4-4c71-b310-36e91007fd79,Phục vụ tốt,positive,0,0,0,0,0,absa_annotation_batch_003.csv
2370d063-df2e-4115-aae3-d7af967a699d,đúng la tao lao tìm cái này ma ra toàn la cai j đâu kg,negative,0,0,0,0,0,absa_annotation_batch_002.csv
08de3bee-381d-4049-ba32-48ba493d2384,Có shop lừa đảo chán vloz,negative,0,0,0,0,0,absa_annotation_batch_001.csv
ea87089a-1075-44a6-b259-1b2f26349eca,Giao hàng rẻ tiền mà tính giá trên trời. Bó tay tiki luôn,negative,1,1,1,0,0,absa_annotation_batch_001.csv
08d15d89-f4ae-4e6c-ba31-8745b4bbdbba,Lừa đảo người mua. Cái gì mà không hỗ trợ??? Shopee với Lazada nhiệt tình bao nhiêu thì tiki tệ hại bấy nhiêu. 0 sao thôi.,negative,0,0,0,1,0,absa_annotation_sample.csv
c9f14f91-db62-4d34-ba80-24f2f1aa8988,Giá bán cao,neutral,0,1,0,0,0,absa_annotation_batch_001.csv
f2dba900-774b-42a2-a1fb-3486daf0156c,"Sao xem thông tin đơn hàng không được vậy. Giao hàng không biết đường xem 
thông tin hàng nè",neutral,1,0,1,0,1,absa_annotation_batch_003.csv
4b9855b9-7e38-428b-9a44-3ef6441901ae,San phẩm tốt,positive,0,0,0,0,0,absa_annotation_batch_001.csv
80f8f9ff-24d3-41ab-a1c3-a609a65a6819,Vào giỏ hàng báo lỗi thoát ra suốt. Thích sản phẩm thì bắt đăng nhập trong khi đã đăng nhập,neutral,1,0,0,0,1,absa_annotation_batch_001.csv
e1179110-0f9e-44c5-85b9-9bbe9d6faf74,Giao hàng chất lượng tốt,positive,1,0,1,0,0,absa_annotation_batch_002.csv
e49a7c24-6dbe-4e3f-a8d6-519d154b0590,Ứng dụng tốt,positive,0,0,0,0,1,absa_annotation_batch_003.csv
62f38b57-cf2c-4860-9468-8b0aea4f06e8,Sao hotline k gọi dc. Không thanh toán bằng credit card dc nữa vậy.,neutral,0,0,0,0,1,absa_annotation_batch_001.csv
837994d4-1cd5-4c5a-846d-7d9d1dc6eaaa,bỏ quảng cáo,neutral,0,0,0,0,0,absa_annotation_batch_001.csv
f12bad57-56c1-475c-aaf0-b390a8872280,Tạo tài khoản phức tạp.,negative,0,0,0,0,0,absa_annotation_batch_003.csv
51fa196f-dee7-4736-96e3-1c76c99760c1,"Khá tốt, nói chung là mình tin tưởng tiki những món muốn mua chính hãng thì tiki là lựa chọn đầu tiên, khuyết điểm của tiki là chưa đa dạng sản phẩm không đáng vào nhu cầu của sinh viên",positive,1,0,0,0,0,absa_annotation_batch_002.csv
a0a1fa2c-9757-48a5-8b69-711bfd5bf905,"Rất thích, rất hài lòng, ủy tín để mua sắm",positive,0,0,0,0,0,absa_annotation_batch_003.csv
0b184142-7977-4268-aca7-bfbb65075a72,Tiki bán ít đồ quá,neutral,0,0,0,0,0,absa_annotation_batch_003.csv
4dd9f106-b4e0-44dc-82d4-9591219ef2f8,Mua sắm rất tiện lợi anh em tải ve di nhé,positive,0,0,0,0,0,absa_annotation_batch_001.csv
b732f68d-bb47-4e9a-ae33-1963c1040286,Tốt thật tiện lợi,positive,0,0,0,0,0,absa_annotation_batch_002.csv
cfecebb7-1206-455f-b85d-d58f63d071de,quá tệ so với app khác. đặt hàng 2 tháng vẫn hứa giao đến ngày lại thông báo trễ thêm 7 đến 14 ngày. không bao giờ đặt cái app này nữa,negative,1,0,0,0,1,absa_annotation_batch_003.csv
8fece9c7-ad17-4796-91e2-e1c2f8b9fe10,Tải hình đánh giá sản phẩm này nó lại load hình của sản phẩm mình mua trước đó 1 thời gian. Bực bội ghê,neutral,1,1,0,0,0,absa_annotation_batch_002.csv
c0e5ef51-2e86-4917-a20a-7d1f03669381,Ứng dụng hay wa,positive,0,0,0,0,1,absa_annotation_batch_001.csv
9554348a-f7eb-4e6a-9d8c-9ef4a6f10a7d,chậm chạp đợi mòn đít,neutral,0,0,0,0,0,absa_annotation_batch_002.csv
95c4578f-c4c8-43f2-b650-cb167f706462,Không viết được tên người nhận bằng tiếng Việt có dấu. Quá kém. Nếu bán hàng cho người Việt thì học tiếng Việt là cần thiết. Đáng lẽ là tôi không cho sao nào cả.,negative,0,0,0,0,1,absa_annotation_sample.csv
21ca034e-b1ef-45c7-9871-900a320d9836,bộ tìm kiếm quá là tệ,negative,0,0,0,0,0,absa_annotation_batch_003.csv
6119eacf-bfa8-4a7b-9946-271f6528319c,rất ýt hàng .và giá thành rất cao so với thị trường.. shoppe vẫn đa dạng hàng hóa và đa dạng giá cả nhất..,neutral,1,1,0,0,0,absa_annotation_batch_002.csv
cf4f96d4-a920-4649-b39d-5456ff64ec63,Về sản phẩm không đa dạng.giá cả cao hơn các app khác,neutral,1,1,0,0,1,absa_annotation_batch_002.csv
4b5ac9d1-82b4-49e3-bbb4-a54d0f77e7d2,Web mua bán online uy tín !!!,positive,0,0,0,0,0,absa_annotation_batch_002.csv
46b5ba51-9120-4ddc-84c1-89894535f100,Giao hàng tận nơi.hang chất lượng tốt,positive,1,0,1,0,0,absa_annotation_batch_003.csv
7b9eada7-465c-4e9b-ae0d-942a03b11fa2,Các mặt hàng quá đắt so với các ứng dụng khác,negative,1,1,0,0,1,absa_annotation_batch_003.csv
3bea0ce5-fb6f-48b9-8c9c-48c8715fb5a8,"Giao hàng nhanh, đảm bảo hàng bên trong k bị ảnh hưởng khi giao tới khách hàng.",positive,1,0,1,0,0,absa_annotation_batch_001.csv
8f74955a-6f9f-4110-80ea-d0336519d819,Hàng vừa xấu vừa đắt còn không biết nhận thức ngôn ngữ,negative,1,1,0,0,0,absa_annotation_batch_003.csv
bcaba857-8f5d-4cfb-901f-03faf85d46d7,tiki thì hàng chất lượng khỏi phải bàn rùi.hihi,positive,1,0,0,0,0,absa_annotation_batch_001.csv
c5ec4da2-0d17-48be-8752-f70b99113fa3,có ai ko biet dat hang nhu toi ko do .deo mua dc hang dkm,negative,0,0,0,0,0,absa_annotation_batch_003.csv
d3fdfdba-9c7f-4119-9763-ede9915affec,Search của tiki chả chính xác. Giá thì cao hơn Shopee và lazada. Các mặt hàng thì ít,neutral,1,1,0,0,0,absa_annotation_batch_001.csv
e65272f9-9ba8-432a-8109-0e2439fb8fad,hay bị lỗi,neutral,0,0,0,0,1,absa_annotation_batch_001.csv
088571ff-1201-436a-997e-272adbec6fa2,Thuật toán lọc từ khoá tìm kiếm sản phẩm không được thông minh bằng shoppee và lazada,neutral,1,0,0,0,0,absa_annotation_batch_001.csv
7c71fafd-8044-4ffe-a547-ca8cd1dfa715,Hàng chính hãng giao nhanh,positive,1,0,0,0,0,absa_annotation_batch_001.csv
05e46d54-acca-42e9-9949-6a5267dede82,:&lt; ko có gundam nên hơi buồn chút,neutral,0,0,0,0,0,absa_annotation_batch_003.csv
82f43ce0-c465-4362-b900-b4f0277b6374,chưa có dịch vụ free ship,positive,0,0,1,1,0,absa_annotation_batch_003.csv
b9f2a80f-c98e-47bf-b8f6-a37d0fd15e42,Tôi chưa mua hàng trên tiki Bao giờ nên tôi chưa dám đặt hàng,positive,1,0,0,0,0,absa_annotation_batch_001.csv
e266fbae-d9ca-4500-a9a6-bb9eacc3184d,Tiki làm ăn như gì đâu không ak bán sản phẩm ra mà không có phụ kiện thay thế gửi vào sửa cả tháng rồi mà chưa xong hàng tào lao cũng đem ra bán sharp thay màn hình 1 triệu1 đắng,negative,1,0,0,0,0,absa_annotation_batch_003.csv
e2479f42-e204-45ee-a303-a72dfcf26b36,Ứng dụng xài khá tốt nhưng có vày món hàng sao kiếm hoài ko có nên tui tạm thời chỉ cho 4 sao thôi,positive,1,0,0,0,1,absa_annotation_batch_003.csv
9c91e2b3-a738-4d1c-8ed0-430c64e3afc5,App rất hay nhưng giao hàng thì hãm🙂 ko biết đường thì đừng làm shipper🙂 địa chỉ chi tiết như thế mà ko biết lại còn gọi điện cằn nhằn với khách hàng🙂 làm vậy ai mua 🙂,neutral,1,0,1,0,1,absa_annotation_batch_001.csv
481fed20-dc1c-48d2-99bb-41cffa82bfbe,Hài lòng,positive,0,0,0,0,0,absa_annotation_batch_002.csv
475c6ece-dcf8-4e88-8803-2ab6b218a862,Tại sao trên web onl thì cho đọc thử còn tải về thì ko? Chẳng tiện lợi gì cả...,neutral,0,0,0,0,0,absa_annotation_batch_002.csv
41c0689d-3837-44a1-998a-5dadf048723e,Tiền ship rẻ,neutral,0,1,1,0,0,absa_annotation_batch_002.csv
906ff0c9-7d45-49c8-a0e0-d1f957d916c7,tôi rất thích,positive,0,0,0,0,0,absa_annotation_batch_001.csv
e88ef20d-bcda-4efb-93a5-6980584da5fc,Tính năng tìm kiếm có vấn đê hay sao ấy.cứ bấm nút tìm kiếm là y như rằng bị thoát app̀,negative,0,0,0,0,1,absa_annotation_batch_003.csv
e954686f-94d5-444c-a88c-3856579d9235,"Tiki làm tốt ,khách hàng không cần gì nhiều ,chỉ cần các shop trả lời mọi thắc mắc của khách hàng, chính sách luôn cho khách hàng kiểm tra hàng , không ai dại gì mua trâu mà vẻ bóng.",positive,1,0,0,0,0,absa_annotation_batch_002.csv
bf3ebf4e-3cd8-4765-8c83-9415aeedfda4,Ứng dụng phiền phức,negative,0,0,0,0,1,absa_annotation_batch_001.csv
d43d4857-83e3-41f1-a2bf-48b41e72f237,Trang thương mại điện tử ngôn nhất việt nam. Giá thành cũng mắc nhất,positive,0,1,0,0,0,absa_annotation_batch_003.csv
87cbd674-b80c-4c1f-9108-76b6cd3d92f7,Chờ cài đặt lâu lắm Lâu quá không thể hiểu được tệ bạc Nói chung là vậy,negative,0,0,0,0,1,absa_annotation_batch_001.csv
46ab2469-33a0-4af1-81a0-9a01a3e7309b,"Tiki giao hàng rất chắc chắn, giá cả hợp lý. Ủng hộ",positive,1,1,1,0,0,absa_annotation_batch_001.csv
15ea7877-80cb-48a1-bee8-94fe7deaea67,"Kb tại sao mình k thể xem giỏ hàng đc, vào k hiện gì cả lúc trước rất thích tiki mua hàng cg ok nhưng hôm qua đến giờ mình muốn mua mà k thể nhìn đc sp trong giỏ",neutral,1,0,0,0,1,absa_annotation_sample.csv
39a20398-a2b5-44f0-a786-89c8a5d9a777,"Những đánh giá 1 sao, không bao giờ được xét duyệt. Ứng dụng không trung thực với khách hàng. Có hàng dỏm thì khách hàng khác không biết được.",neutral,1,1,0,0,1,absa_annotation_batch_003.csv
a8927dda-2e2c-4d8a-9852-6a1169e5590d,"Quá kém so với úng dụng lớn như shopee,lazada",negative,0,0,0,0,0,absa_annotation_batch_003.csv
3ec2e4b5-c30a-49f8-ad63-fded07aa2ac7,Cái lmm ra suốt ngày coi cái cc j cũng quảng cáo của tụi m nổi lên 1 video quảng cáo chục lần ngáo hả j,negative,0,0,0,0,0,absa_annotation_batch_001.csv
e7699f2a-86b7-4e81-afc1-2b03dedc5f03,Rat hay ma rat nhieu cam on sendo nhieu lam,neutral,0,0,0,0,0,absa_annotation_batch_001.csv
e1f492df-60ec-4993-946f-6e51dac5a591,mặc hàng tốt hay xấu thì chưa biết. mà tra tìm mua món này no lại ra món khác,negative,1,0,0,0,0,absa_annotation_batch_002.csv
b2ed6bba-3af5-4987-b8e5-144f59be6845,"Thực sự nhân viên làm tôi chưa bao giờ bực như thế này , dặn giao ở địa chỉ này thì nhân viên ko tới giao , làm tôi chờ đến tận 7h tối mà chưa về nhà. ._. Nhân viên thực sự chưa tốt và tôi ko hài lòng",negative,0,0,1,1,0,absa_annotation_batch_002.csv
b3d5ed04-9f80-4219-9a76-172bb121e26e,Mua hang toi nhan tin ma nguoi ban it khi tra loi hoac lau lam moi tra loi,negative,0,0,0,0,0,absa_annotation_batch_003.csv
09be2754-77f8-4496-9322-42f801e7655a,Chi phí ship hàng quá cao,neutral,1,1,1,0,0,absa_annotation_batch_003.csv
55661f9f-e989-47a8-86da-a8bebee88881,OK tốt tiện lợi,positive,0,0,0,0,0,absa_annotation_batch_002.csv
7dddf0c9-0700-464d-874f-a32148bf203c,"Giao hàng nhanh ,và shop phục tốt",positive,1,0,1,0,0,absa_annotation_batch_002.csv
63e89fae-402b-4f2a-8be8-98eedb45b51a,chưa thực hiện mua bán lần nào.hi vọng sendo không làm tôi thất vọng.hàng sẽ đúng như các bạn giới thiệu.,negative,1,0,0,0,0,absa_annotation_batch_003.csv
c79dc05f-eeb2-41d5-9b86-a1061697f940,"Tệ Tệ Tệ. CSKH như kiểu bỏ mặc khách. Hàng giao sai, đổi trả thì lằng nhằng 2 tháng vẫn chưa thấy ai đến lấy?",negative,1,0,0,1,0,absa_annotation_batch_002.csv
67d65d88-9055-498e-b5b1-62a2c703f19e,Mới mua 2 lần thấy nhanh đúng hàng.,positive,1,0,0,0,0,absa_annotation_batch_002.csv
f303768e-122e-4921-a6b2-21d9a5132ae7,hàng hết kho mà vẫn hiện lên còn sản phẩm,negative,1,0,0,0,0,absa_annotation_batch_002.csv
19ff9ab6-48f4-4576-be72-0e54d554b40d,Lúc do mjnh mua sạc dự phòng đem gjao hàng mà ko cho mở ra kiểm tra nên mình ko nhận hàng nữa và thằng giao hàng có chửi mình và mình đã hỏi thăm sức khỏe nó,negative,1,0,1,0,0,absa_annotation_batch_003.csv
737509a2-bc63-4fe1-883e-b224ac06f6d7,"Tôi đã mua hàng ở rất nhiều shop online khác nhau nhưng t vẫn luôn tin tưởng tiki nhất. Thái độ phục vụ tốt, giao hàng nhanh, phí vận chuyển rẻ, chất lượng sản phẩm tốt, mua hàng ở tiki không bao giờ sợ hàng giả. Đổi trả sản phẩm dễ dàng trong 30 ngày nếu không còn như cầu nữa. Sẽ ủng hộ tiki dài dài💕",positive,1,1,1,1,0,absa_annotation_batch_001.csv
6719944b-af71-4c2c-a520-044db83c2d50,"Mình chưa mua gì nhưng xem giá thì thấy thấp hơn các shop khác , thế là hợp tâm lý người tiêu dùng rồi.",neutral,0,1,0,0,0,absa_annotation_batch_003.csv
4cf68da0-9994-4a65-ab9a-0ec4c6f75c67,"Sao em bỏ vào giỏ hàng rồi, nhưng chọn mua thì nó cứ báo lỗi.",neutral,1,0,0,0,1,absa_annotation_batch_002.csv
94f116de-6647-42c5-be88-26a30486ab07,Đặt đồ bận quá rộng quá tiết cho 1 ứng dụng k để size cho mình chọn tôi phê bình trực tiếp ứng dụng này,negative,1,0,0,0,1,absa_annotation_batch_001.csv
d7b4973f-60cb-4d9d-bd85-f3da5d90b066,"Moi người ơi,, hãy tẩy chai cái app cho de này đi. Đkm nó mã giảm giá thì đeo sử dụng được,, mã miễn phí vận chuyển cũng đeo sử dụng được,, toàn là thanh toán zaloplay.. thanh toán con mẹ nó. Đkm nó không phải ai cũng có tk ngân hàng để tt. Moi người hãy chung tay tẩy chai cái app và xóa app này đi. Qua Lazada mua hàng cho sướng. Moi người không nên mua ở sendo và tuyệt đối không nên tt qua thẻ NH vì sendo không giải quyết nếu có lua dao say ra. Nên tẩy chai là vừa rồi",negative,1,1,1,0,1,absa_annotation_batch_001.csv
3750c1e6-376c-4275-9b63-693a942a083b,rất uy tín,positive,0,0,0,0,0,absa_annotation_batch_002.csv
e643b856-61fc-43ae-9dfc-b3d2f2c35933,Shop giao hàng quá châm dõ chán 2 tuần mà chưa thấy tin tức gì,negative,1,0,1,0,0,absa_annotation_batch_003.csv
af0a5fdc-a937-4400-aced-55828935a666,"Có một số mặt hàng vẫn chưa được bày bán, mong tiki có thêm nhiều sản phẩm hơn",neutral,1,0,0,0,0,absa_annotation_batch_001.csv
ee6ae40d-792f-413a-b483-6da1813d43e5,Làm game lừa đảo,negative,0,0,0,0,0,absa_annotation_batch_002.csv
b1b5d3ce-fbde-4bed-a265-ba3e6ee8d9f7,"Dở nhất là không xoay ngang màn hình đươc! Muốn ủng hộ người Việt Nam nên tăng cường ưu tiên dùng Sendo, nhưng phần mềm phải tiện dụng, xử lý được lừa đảo mới thu hút người dùng.",negative,0,0,0,0,0,absa_annotation_batch_001.csv
fd45b20f-5e36-40b6-8de0-d01b64204d49,"Đáng lẽ mua bằng app phải tiện lợi hơn nhưng đối với mặt hàng sách thì không có chế độ đọc thử nên khá bất tiện, muốn mua phải lên web xem trc r mới lên app mua hay sao?",neutral,1,0,0,0,1,absa_annotation_batch_003.csv
8928ba8d-1898-4c2d-9fef-e9fa448edae4,Giao hàng đúng nhưng chậm,neutral,1,0,1,0,0,absa_annotation_batch_002.csv
801d0d7d-910f-41cb-89fa-598b10cc2548,"tôi gặp vấn đề ở chổ đặc tên , ghi đủ họ tên rồi nhưng vẫn báo lỗi là s",neutral,0,0,0,0,1,absa_annotation_batch_002.csv
fb790674-dadc-418a-b514-001d015b5c39,Chất lượng,positive,1,0,0,0,0,absa_annotation_batch_002.csv
331fe4fc-d713-489d-bdfc-ced8db5749bb,một số lỗi nhỏ.còn lại ok,positive,0,0,0,0,1,absa_annotation_batch_001.csv
a141408e-ad2e-4451-820d-0de3f00df556,Ty để lộỞ .,positive,0,0,0,0,0,absa_annotation_batch_003.csv
39cb7c70-9e70-4d7a-941e-26b10cd822e3,Ship sai hàng cho em tề,negative,1,0,1,0,0,absa_annotation_batch_003.csv
ba34b43e-e127-4f83-b2a6-c93e8b201df2,Toi rat thix ung dung mong nha phat chuyen nhieu ung dung hon,neutral,0,0,0,0,0,absa_annotation_batch_002.csv
0cb6bb48-a7e7-465f-8e19-3967c0021f35,gia đinh tôi thường xuyên mua sắm dịch vụ Tiki đã nhiều năm rồi. shop phục vụ và sản phẩm chất lượng tốt. người tiêu dùng nên mua hàng Tiki uy tinh hơn.,positive,1,0,0,1,0,absa_annotation_batch_002.csv
3b994616-11d6-4bda-8646-66041f1906ab,1 hệ thống nát bét. 1 lũ mọi rợ. 1 lũ rừng rú lấy luật chó nào đem lên áp đặt khách hàng. 2 nick 2 điện thoại khác nhau mà bảo vi phạm thể lệ. Thể lệ cái má chó nhà m. Nhân viên mất dạy. Trả lời như 1 cái máy. Lũ ăn cướp,negative,1,0,0,1,0,absa_annotation_batch_001.csv
ced9508d-2041-4dd1-a678-f7b48eb90363,Cái này hk bít nói sao nữa mik thấy ko có tận tình phục vụ lắm thì phải.,positive,0,0,0,0,0,absa_annotation_batch_001.csv
a284343c-98d3-4188-81b1-0fa00984c6ee,Hàng chuẩn.,positive,1,0,0,0,0,absa_annotation_batch_001.csv
94dd65b1-00b7-465c-9256-372d636b70d8,Úng dụng rất hay,positive,0,0,0,0,0,absa_annotation_batch_001.csv
5a0a322d-b44e-41a4-b1e7-8262aaf2c62f,ứng dụng này rất tiện lợi,positive,0,0,0,0,1,absa_annotation_batch_001.csv
c3a1e087-6789-4f7a-85b0-1e1504613888,"Dịch vụ giao hàng của BEST quá chậm. Đặt hàng từ 3/02 hẹn khách 07/2 trên App nhận hàng đến 09/02 mới nhận được hàng. 2 kiện hàng đặt đều trễ như nhau Tôi phải chờ đợi để nhận hàng vì ko có người thân nhận giúp. 1 trải nghiệm cực kỳ tệ hại Chính thức xoá App Tiki vì Tổng đài gọi ko được, email phản hồi trong 24h, automation app tào lao.",negative,1,0,1,1,1,absa_annotation_batch_003.csv
33726a6a-0b73-44f4-9043-21d111bc6226,"Giao hàng quá chậm, thua xa shopee và lazada",neutral,0,0,1,0,0,absa_annotation_sample.csv
e220537b-70c2-4f7e-b07e-adc3ae61eff1,"Ứng dụng lúc này rất tệ không vào được, cứ xác nhận đi xác nhận lại hoài, phiền phức....",negative,0,0,0,0,1,absa_annotation_batch_002.csv
ac1c4bc3-4baa-4888-8c33-b751d0bded15,Deal tốt. Giao hàng nhanh,positive,1,0,1,0,0,absa_annotation_batch_002.csv
5abbfdd7-1261-4c98-8dea-3bd140666ba1,Hủy đơn hàng kiểu gì?,neutral,1,0,0,0,1,absa_annotation_batch_001.csv
6e2fe203-1a8e-4590-9740-322c2be66c4b,Quá tệ mua hàng gần 2 tuần chưa có hàng .,negative,1,0,0,0,0,absa_annotation_batch_002.csv
a5917702-cf8b-4d18-92c0-43e7971e1ed2,Xác thực sdt chậm,neutral,0,0,0,0,0,absa_annotation_batch_003.csv
bc75bb9c-a7eb-44f4-87cf-e5dd15d00c96,Xin hỏi tại s lại ko cho chuyển hàng nhanh ??,neutral,1,0,0,0,0,absa_annotation_batch_002.csv
dd5261eb-d154-4121-a51e-d892a9f8ab8f,App mua sắm cskh rất kém săn sales ko giao hàng người bán và khâu vận chuyển xích mích tự hủy đơn hàng của khách và đổ thừa khách ko nghe máy. Rất tệ khi mua hàng ở app này mọi người qua shopee hay tiki mua hàng se ổn hơn.,negative,1,1,1,0,1,absa_annotation_batch_001.csv
3dd5dbe6-1219-4b33-a105-967d94972612,tin tưởng và tiện lợi,positive,0,0,0,0,0,absa_annotation_batch_001.csv
ef12f3e9-a0c2-4add-b6fc-e931510bbd9f,Oder hàng nhanh chóng \q,positive,1,0,0,0,0,absa_annotation_batch_002.csv
0e7897ec-9d04-4ee2-bee4-f1c584535cca,Sao hk có chổ hủy đơn hàng zậy ạ,neutral,1,0,0,0,1,absa_annotation_batch_001.csv
5e83adc4-3997-411f-8cd5-fae959900b7d,Thanh toán tiền mặt sao không được,positive,0,1,0,0,1,absa_annotation_batch_002.csv
c45a1590-1992-4bce-9427-317fe244bb76,Điện thoại chính hãng. chuyển hàng nhanh.,positive,1,0,0,0,0,absa_annotation_batch_001.csv
6cd801c5-9587-4539-b01b-4986abe441b3,Cài đặt lâu quá,neutral,0,0,0,0,0,absa_annotation_batch_001.csv
a6605ba8-e067-4582-b24e-55645445eaa7,Rất tiện lợi y người noi trợ in OK,positive,0,0,0,0,0,absa_annotation_batch_003.csv
7323e174-f617-4efe-be2e-8666d9148fac,Hehehehehe người ta kêu đi chơi với anh sẽ,positive,0,0,0,0,0,absa_annotation_batch_002.csv
2c3700e5-27ab-4e21-82ec-6c7d13fb2973,Có tiến bộ,neutral,0,0,0,0,0,absa_annotation_batch_003.csv
131030bc-4864-441c-b7ff-d99a06f8be18,"Bnb về BB,*",neutral,0,0,0,0,0,absa_annotation_batch_002.csv
4f0cdab5-2638-4673-9f1c-c5af636a9507,"ngày càng tệ,cho xuống 3.*",neutral,0,0,0,0,0,absa_annotation_batch_001.csv
fca25a1e-e5b2-4a86-af73-53f8fe2bad84,Bên này giao hàng quá lâu như thế ai mà dám dat hàng Nếu bán hàng cạnh tranh thì từ nhân viên den người giao hàng phải tranh thủ chứ ko phải nghe khách hủy don hang là nói oke như thế thì bao giờ công ty mới khá lên được cái này giám đốc phải coi lại bộ phận chăm sóc khách hàng,negative,1,1,1,1,0,absa_annotation_batch_001.csv
cb096c37-48ff-4616-82d4-1239e174ce13,noi giao trong vong 2 tieng ma dat gan ca tuan chua giao,negative,0,0,0,0,0,absa_annotation_batch_002.csv
8efb80be-7b12-40f9-bdc1-5d33577b5a41,"chậm chạp,lề mề, không thèm quan tâm đến câu hỏi của khách hàng,tiki trong mắt tôi là như vậy",negative,1,0,0,0,0,absa_annotation_batch_003.csv
fe2b8fe1-c3c1-4a69-b8b3-c8d874ac16a5,"dóng gói kỹ.sp y hình,chất lượng tốt",positive,1,0,0,0,0,absa_annotation_batch_001.csv
cfad1b9d-169e-4ec0-a0f3-40bd7081b25d,3sao khi cho mấy shop k uy tín vô,positive,0,0,0,0,0,absa_annotation_batch_003.csv
fd234c68-c5e7-4ece-bb5c-021d5cc7560c,"Đặt ở Tiki rất là nhiều lần rồi,lần nào cũng vô cùng hài lòng lắm luôn😊😊Gói hàng vào hộp rất là kĩ lưỡng,sách mới,đẹp,không hư hại hay rách gì,giá thành rất ổn😉Với lại ưu điểm chính là giao hàng vô cùng nhanh,đặt hôm nay thì trưa ngày mốt đã giao tới😁😁😁Mong Tiki nhập nhiều sách Tiểu thuyết ngôn tình về ạ😊",positive,1,1,1,0,0,absa_annotation_batch_001.csv
08f2fc04-901e-46e4-b7f0-58378a36aa25,Tui tim dep ma no len giay,negative,0,0,0,0,0,absa_annotation_batch_002.csv
a08d6f93-038f-4149-902a-de77565bb4fa,"Quảng cáo lắm, đang xem hàng để đặt thì cứ quảng cáo tiki app😓",negative,1,0,0,0,1,absa_annotation_batch_001.csv
7309196c-9148-4448-b02d-3e62fb138c8f,Cảm ơn Tiki nhiều. Thật sự nhà sách kiểu cũ đã không còn đáp ứng được nhu cầu về sách nữa vì lượng sách không đầy đủ. Tôi thường mua sách trên Tiki vì có nhiều nhà sách bán hàng trên ứng dụng. Cảm giác như vào hết nhà sách này đến nhà sách nọ để kiếm sách đã không còn mất nhiều thời gian nữa.,positive,1,1,0,0,1,absa_annotation_batch_002.csv
4fcbf236-8037-46e3-b418-bb37c43a84e5,"tiki là chỗ giao hàng rất uy tính nha ae . khi giao hàng mình yêu cầu xem hàng nhân viên rất nhiệt tình tự tay cắt sản phẩm cho xem . ko vừa ý nhân viên sẽ đem về , và gửi lời xin lỗi . tiki rất tuyệt nha mn",positive,1,0,1,1,1,absa_annotation_batch_003.csv
291659c9-aa2d-4e94-a172-04f9c32e6560,Tiki không có bán nhiều đồ như shoppe,positive,0,0,0,0,0,absa_annotation_batch_002.csv
42016361-e371-4fbd-b7d7-292fa63581b5,Bình thường,neutral,0,0,0,0,0,absa_annotation_batch_003.csv
7431f332-b31d-47e3-9b3a-23e5743ec0a3,tiki cực kì giao lâu luôn mà nó bảo giao trong 2h mà giờ đợi máy tháng luôn r mà chưa giao làm ăn cái này chết r,negative,0,0,0,0,0,absa_annotation_batch_003.csv
8425d868-f4ac-4c8d-8953-0b43e2610174,tính năng xóa lịch sữ tìm kiếm không có như những app khác như tiki lazada....cần xem lại để tốt hơn,negative,0,0,0,0,1,absa_annotation_batch_002.csv
abae4c9f-e3b3-4599-94cb-0b8c93a66b71,Hơn 1 tuần trời sau ngày hẹn giao hàng vẫn k thấy hàng đâu ?????,negative,1,0,1,0,0,absa_annotation_batch_003.csv
da8ed7fd-c1e1-4703-ab9e-9b98477daadc,App rất được có thư mình muốn mua nhưng khi mua thì mình đã điền đầy đủ thông tin vào rồi thì phải làm sao nữa a Còn lúc tư vấn thì mình hỏi thì ko ai hồi đáp lại mình mong ad có thể cho thêm hướng dẫn mua hàng a,neutral,1,0,0,0,1,absa_annotation_batch_001.csv
a009ab2e-56ce-4243-9f35-adfb3ad9f166,"bản cập nhật khá tệ. đơn hàng vừa đặt xong lại ""Order not found"" lên cập nhật xong thì hiện 1 loạt mấy đơn. Vô xem thì không hiện đơn lên, không hủy đơn được. tiki cần khắc phục sớm. đó giờ tin tưởng mua hàng của tiki thôi mà giờ lỗi vậy thì làm sao",negative,1,0,0,0,1,absa_annotation_batch_002.csv
f07c3942-60be-4196-98e8-383c82765717,Âm thanh thông báo luôn làm tôi giật mình.,neutral,0,0,0,0,0,absa_annotation_batch_003.csv
c04ad098-b881-4a80-a125-1697f0a0f57b,Ok nhanh chong de mua,positive,0,0,0,0,0,absa_annotation_batch_003.csv
