reviewid,content,sentiment,product,price,delivery,service,app,source_file,risk_level,risk_score,label_count
048d2d2d-b9db-499d-8a27-a9548d121b54,"Đặc hàng ngày 25/9 đến 3/10 nhân viên gọi ra nhận hàng , đứng đợi cả buổi , không thấy người đâu , xong mình gọi lại hỏi thì hôm khác giao khách giục quá , bận việc gì thì bảo người ta 1 câu , kêu người ta đợi đã rồi không giao , Hàng trên tiki thì tạm được còn về phận vận chuyển thì quá tệ sơ với các ứng dụng khác . Từ bỏ tiki thôi , chúc tiki ngày càng phát triển .",negative,0,0,1,1,0,absa_annotation_batch_003.csv,high,7,2
e7e052fd-e148-46fa-8411-836dab9b37c5,"Mình rất thích về phương diện bán, sale các mặt hàng sách nhưng thật sự ứng dụng rất rất tệ. Gần đây rất hay bị lỗi, hôm kia quyển sách mình thích có sale, đêm đấy mình đăng mua không được, chỉ sale 1 đêm thôi, thế là bỏ lỡ. Mình từng mua cuốn Your Name, mua cùng thời gian với bạn mình, bạn mình thì có quà tặng phát hành là được bọc platics và bookmark còn mình thì không? Ok, i'm fine. Hỏi nhân viên đã lâu không 1 câu hồi đáp :). Mong Tiki xem lại, mình không cần gì, chỉ cần câu giải thích hợp lí thôi. Cảm ơn ạ.",neutral,1,1,0,1,1,absa_annotation_batch_001.csv,high,6,4
f9453aaa-9bfc-452a-9965-d4db8896c9f7,"Tiki thông báo tôi bị khoá tài khoản vì vi phạm chính sách gì đó, mà không hề có bất kỳ thông báo gì, chỉ tới khi nhấn giao hàng mới thông báo vài dòng sơ sài. Chỉ đến khi tôi đi hỏi cskh mới nhận được 1 câu là do lạm dụng mã khuyến mãi. Lạm dụng mã khuyến mãi là lạm dụng như thế nào? Mã khuyến mãi đặt ra không xài chẳng lẽ để trưng cho đẹp? Trải nghiệm người dùng không tốt nên tôi đã quyết định xoá app. ‐---------------------------------------------- Tiki đã trả lời và xử lý vụ khóa hợp lý.",negative,0,1,0,1,1,absa_annotation_batch_001.csv,high,6,3
edee00a7-77d2-4937-84df-d5d58fb1ad68,"Hệ thống giao hàng quá kém chất lượng, đặt hàng xong phải đợi cả tuần để nhận hàng. Đến ngày hẹn cũng phải đợi ở nhà từ sáng đến tối mới được nhận hàng. Tại sao k hẹn vào khung giờ cụ thể ? Có lần hẹn bạn ship vào 10h sáng hôm sau, kết quả đợi đến chiều vẫn k thấy gọi, gọi lại thì k được. Tôi không tin tưởng sử dụng dịch vụ từ tiki nữa.",negative,0,0,1,1,0,absa_annotation_batch_002.csv,high,6,2
2b954ed2-edb7-43c3-9286-ef39e3c56e05,"đơn hàng đặt từ 20/08 đến tận giữa tháng 10 ngâm kho và không có động thái giao hàng, liên hệ CSKH phản ánh cũng không giải quyết, tức tối phải hủy đơn và mất 2 tháng chờ cho đơn hàng giao với phạm vi 80km. Quá kinh khủng.",negative,0,0,1,1,0,absa_annotation_batch_001.csv,high,5,2
b2ed6bba-3af5-4987-b8e5-144f59be6845,"Thực sự nhân viên làm tôi chưa bao giờ bực như thế này , dặn giao ở địa chỉ này thì nhân viên ko tới giao , làm tôi chờ đến tận 7h tối mà chưa về nhà. ._. Nhân viên thực sự chưa tốt và tôi ko hài lòng",negative,0,0,1,1,0,absa_annotation_batch_002.csv,high,5,2
8f94863d-bbbf-4a43-85e3-abadcf8254a0,"Tiki giao hàng khá nhanh , thường là trước lúc dự kiến giao hàng nhưng như vậy lại đâm ra không biết Tiki giao lúc nào dẫn đến hủy hàng của khách , tiki nên thông báo chính xác giờ giao hàng trước 1 ngày hoặc ít hơn để khách tiện xử lý , bình thường ở nhà không giao vừa ra ngoài là gọi giao hàng . nên cho khách chọn khung giờ rảnh rỗi để lấy hàng , khắc phục được sẽ cho 5 sao . cảm ơn",negative,0,0,1,1,0,absa_annotation_batch_003.csv,high,5,2
44600cd0-5b46-42fb-ad7d-40b07542bcf1,Khâu khắc phục lỗi của sp cực lâu. Đã gửi đủ thông tin và bên tiki đã tiếp nhận nhưng trong 1 tuần vẫn chưa thấy gì,negative,0,0,0,1,0,absa_annotation_batch_001.csv,high,5,1
b5fcf445-9de8-4c35-a9b8-3086a442e969,"Hotline chăm sóc người bán gọi k ai nghe máy, gửi mail k thấy trả lời, rõ chán",negative,0,0,0,1,0,absa_annotation_batch_003.csv,high,5,1
9c44c408-da5a-48b5-8bd6-63e95270d917,"Dịch vụ giao hàng quá tệ, toàn giao vào những lúc mình bận họp. Hẹn giờ giao lại nhưng nhân viên giao hàng k để tâm, lại tới vào khung giờ mình ko lấy được rồi auto hủy đơn hàng ...",negative,1,0,1,1,1,absa_annotation_batch_001.csv,medium,4,4
c3a1e087-6789-4f7a-85b0-1e1504613888,"Dịch vụ giao hàng của BEST quá chậm. Đặt hàng từ 3/02 hẹn khách 07/2 trên App nhận hàng đến 09/02 mới nhận được hàng. 2 kiện hàng đặt đều trễ như nhau Tôi phải chờ đợi để nhận hàng vì ko có người thân nhận giúp. 1 trải nghiệm cực kỳ tệ hại Chính thức xoá App Tiki vì Tổng đài gọi ko được, email phản hồi trong 24h, automation app tào lao.",negative,1,0,1,1,1,absa_annotation_batch_003.csv,medium,4,4
793ca7a4-a029-4f8f-9832-4c77f7a13f51,Đây là ưd dành cho người mua hàng nhưng lại chưa đặt mình vào vị trí khách hàng 1. Shop bán có thể lock kháck mua mà ko có chiều ngược lại 2. Tự ý hạn chế việc kh mua theo hình thức cod với lý do khách hủy đơn nhiều lần. Tại sao khách hủy? 3. Ko quản lý đc sp của shop bán thì nên để người mua trực tiếp kt hàng. Chắc chắn ko ai muốn thực hiện việc đổi trả trong khi đã bỏ ko ít time chờ đợi hàng về.,negative,1,0,0,1,0,absa_annotation_batch_001.csv,medium,4,2
289648e4-8f2d-419a-a411-dacf62dc4a6d,"Khuyết điểm: App chạy chậm hơn trước rất nhiều. Sản phẩm còn hạn chế không đa dạng như Shopee và nhiều nơi khác. Nhầm sản phẩm chất lượng không xứng với giá tiền. Đôi khi mua phải đồ ở trong kho quá lâu nên nhìn rất mất thẩm mỹ. Nhiều mặt hàng bán với số lượng nhiều không thể mua lẻ được. Ưu điểm: Giao hàng nhanh, tiền ship rẻ hơn nơi khác, nhân viên nhiệt tình. Nhiều mặt hàng giá rẻ hơn thị trường.",positive,1,1,1,1,1,absa_annotation_batch_002.csv,medium,3,5
541abed8-ff47-40e4-8ea9-9144ab06e809,"Quá tệ. Đặt hàng (đã thanh toán), hàng đi rẹt rẹt rẹt mà đi đâu không biết gần 2 tháng k thấy giao, vô coi đơn hàng thấy trả về cho người bán ???? Biết là dịch k giao đc thì mình đợi, đợi cho đến bình thường mới lun vẫn k giao. Đã thanh toán trước rồi h k hoàn tiền liền đc như shopee mà cứ phải gọi tổng đài và gửi mail yêu cầu là sao??? Đã k nhận đc hàng còn hành xác khách hàng quá v 🤨",negative,1,1,0,1,1,absa_annotation_batch_003.csv,medium,3,4
d7b048bb-9d48-4488-ba15-4a79afcec767,"Phản hồi Q&A chưa được nhanh, cách phân loại sản phẩm trong gian hàng của người bán chưa phù hợp, tiến trình xử lý đến khi giao hàng thành công nói chung là chậm hơn nếu so với đơn hàng đặt cùng thời điểm trên shopee. Mong về sau là sẽ có cải thiện hơn!",negative,1,0,1,1,1,absa_annotation_batch_003.csv,medium,3,4
ae5b370f-2741-4363-82b0-5b69f78b43c3,Sendo sao lại ko cho đặt hàng nữa vậy? Do mạng sendo hnay lag kinh khủng. Click 2 3 lượt vào mua hàng thì đã đặt hàng luôn nên tôi phải hủy đơn đi. Giờ lại ko cho vào đặt hàng với cái lý do là bởi vì hủy đơn. Trả lẽ để shop nó gửi hàng rồi mình ko nhận rồi để dịch vụ ship tự trả lại hàng cho shop cho đỡ bị mang tiếng hủy đơn sao?,neutral,1,0,1,1,1,absa_annotation_batch_003.csv,medium,3,4
4fcbf236-8037-46e3-b418-bb37c43a84e5,"tiki là chỗ giao hàng rất uy tính nha ae . khi giao hàng mình yêu cầu xem hàng nhân viên rất nhiệt tình tự tay cắt sản phẩm cho xem . ko vừa ý nhân viên sẽ đem về , và gửi lời xin lỗi . tiki rất tuyệt nha mn",positive,1,0,1,1,1,absa_annotation_batch_003.csv,medium,3,4
688feeff-b090-449f-820c-0382d16417a9,"Giao hàng chậm, nhân viên giao hàng có khi còn không báo trước, thái độ không tốt.",negative,1,0,1,1,0,absa_annotation_batch_001.csv,medium,3,3
6b14909f-cbfa-456c-826e-7c392796f5a8,"Đơn hàng 2 thág không giao cũng không cho hủy, nhắn tin yêu cầu hỗ trợ hủy thì không trả lời, tiki làm ăn như vậy đấy chẳng muốn mua hàng trên đây",negative,1,0,0,1,1,absa_annotation_batch_001.csv,medium,3,3
a53684a1-7438-4f5d-8446-6fae52e89d27,"Sản phẩm tốt đúng như quảng cáo, Nhân viên giao hàng nhanh chóng và thân thiện",positive,1,0,1,1,0,absa_annotation_batch_001.csv,medium,3,3
a6e8e91a-ac91-4201-ad4a-ae814c9ae42f,"Mua hàng đã thanh toán trước, nhưng cho bao lâu cuối cùng do dịch ko gửi đi cung ko hoàn tiên j hết, dịch vụ chăm sóc khách hàng kém ..",negative,1,0,0,1,1,absa_annotation_batch_001.csv,medium,3,3
95ddf0eb-e93b-4021-bf1e-01e7d46756de,"giao hàng nhanh, hàng đc đóng gói cẩn thận, nhân viên dễ chịu. nói chung tới giờ thì hài lòng.",positive,1,0,1,1,0,absa_annotation_batch_002.csv,medium,3,3
a9b0b34e-3d51-4f8a-bd0e-c3155fefdeb5,"Giao hàng nhanh, gói hàng đẹp, đổi trả thuận tiện",positive,1,0,1,1,0,absa_annotation_batch_002.csv,medium,3,3
400f78eb-a4db-4877-b004-851f46f041f3,"Dịch vụ tiki có thể nói là tốt nhất trong các trang điện tử, giao diện, cách thanh toán dễ dàng. Chỉ có vấn đề là từ khi Tiki cập nhật chính sách bảo mật đăng nhập yêu cầu otp thì trên web thường xuyên bị thoát tài khoản đột ngột, và việc giới hạn 3 lần gửi mã cũng gây phiền toái cho người dùng khi tin nhắn otp tới chậm hoặc không tới số đt khách hàng do mạng hoặc lý do nào đó.",neutral,1,0,0,1,1,absa_annotation_batch_003.csv,medium,3,3
650ab40b-64f2-495e-b165-019cf729c1a6,"Tiki ko hỗ trợ xem lịch sử đơn hàng trên đt, vô xem toàn báo lỗi. Quá tệ cho phần ứng dụng.",negative,1,0,0,1,1,absa_annotation_batch_003.csv,medium,3,3
c25f9a92-b395-48e1-8809-62f5cf37aca3,Shop hết hàng. Gửi sản phẩm khác mô tả. Hoàn tiền chậm trễ. Xem lại cách đổi trả của tiki,negative,1,1,0,1,0,absa_annotation_batch_003.csv,medium,3,3
e1883b89-8134-43bd-814d-c3f85762306c,"Đối với mình, 1 khách hàng mua quá nhiều trên Tiki, thì Tiki ổn nhất ở khoản mua sách, còn mặt hàng khác thì nói chung rất tạp nham về giá cả và chiết khấu (shop toàn tự đề linh tinh về cái này và ko có kiểm soát). Đặc biệt, mình khá thất vọng đối với hỗ trợ của tổng đài CSKH, mình gọi rất nhiều nhưng cứ gọi chục lần mới có 1 cuộc bắt máy (không rõ có do Tổng đài block số máy hay không). Thái độ nhân viên CSKH có sự né tránh, không giải quyết các vấn đề của khách hàng. Thế nên sau mình không gọi nữa, mà chuyển sang email thì về cơ bản là phản hồi tạm ổn. Nếu Tiki giải quyết được 2 vấn đề trên thì xứng đáng dc 5 sao.",negative,1,1,0,1,0,absa_annotation_batch_003.csv,medium,3,3
510ce65a-6940-4d38-a014-4d2fc176049c,"Đây là 1 trong những ứng dụng TỆ NHẤT,tôi xin nhất mạnh là TỆ NHẤT,TỆ NHƯ C mà tôi từng thấy. Tôi đặt mua 2 thùng giấy ăn,trước đó tôi đã phải thanh toán bằng thẻ hế 232.00 Và đến tận bây giờ,sau gần 1 tháng đặt hàng,tôi vẫn chưa nhận đc hàng.gọi lên khiếu nại thì cứ ẩm à ẩm ờ,gửi mail thì cũng cứ toàn nói tào lao,tôi hỏi phía bên shop bán,thì bên shop bảo không thấy bên vận chuyển nào đến nhận đơn hàng của tôi,bảo tôi hủy để đc hoàn tiền.nhưng phía sendo không cho hủy,cứ để treo đơn hoài.",negative,1,1,1,1,1,absa_annotation_batch_001.csv,low,2,5
f1ebf57e-3bca-4649-90b1-07a35fc413b9,sản phẩm lỗi đã báo cáo với tiki rất lâu nhưng không có phản hồi còn 1 đơn nữa thì ko ghi là hết hàng mà lúc ship lại nhắn tin là hết. Trước giờ cứ tưởng Tiki uy tín lắm. Hơi đắt tí nhưng mình vẫn chọn mua ai ngờ,negative,1,1,1,1,1,absa_annotation_batch_001.csv,low,2,5
9c90a52e-766f-4198-9672-514d0a7a9edd,tiki càng ngày càng tệ..trước nổi tiếng đóng gói nhanh bọc sách kĩ lưỡng.. cơ mà bây giờ đơn hàng cả một tuần trời rồi vẫn chỉ trong trạng thái tiếp nhận..xong rồi đang lấy hàng... mong ad tiki phản hồi ạ ..bao giờ sửa chữa đc phong cách làm việc mk sẽ đánh giá lại 5 sao ạ,negative,1,1,1,1,1,absa_annotation_batch_002.csv,low,2,5
1375e748-12df-404d-b4f7-feebf7c7e986,thái độ nhân viên giao hàng khó chịu. hàng thanh toán rồi thì phải lấy luôn không được hoãn? nói chuyện thô lỗ. bực mình,negative,1,0,1,1,1,absa_annotation_batch_002.csv,low,2,4
8e402414-3686-4577-a587-35c2d212749b,Hàng đổi trả vì lỗi 1 tháng chưa được giải quyết. Khi nào giải quyết sẽ đánh giá lại.,negative,1,1,0,1,1,absa_annotation_batch_002.csv,low,2,4
433c79f6-a50d-426c-89fe-7b8d926fee5b,"Mua 1 đơn hàng trên tiki từ 18/6, hẹn đến 30/8 giao, rồi lại bảo dịch nên bị chậm 1 tuần, mình đợi đến 10/9 vẫn chưa thấy gì, báo hủy đơn hàng thì chăm sóc khách hàng lại bảo đợi hoàn tiền. Đợi đến hôm nay là 23/9 rồi mà liên lạc lại vẫn bảo đợi, đó dịch nên bị chậm? Tiền chuyển trên hệ thống cũng bị ảnh hưởng do dịch à? Sao lúc thanh toán trừ tiền thì ko thấy trừ chậm đi?",negative,1,1,0,1,1,absa_annotation_batch_002.csv,low,2,4
47b0b4ba-c3ac-41cd-a488-c9243ef672e3,"Đặt hàng thanh toán tiền trước rồi,do dịch 2 tháng ko đi hàng dc có nhắn tin tổng đài hỗ trợ hủy đơn mà cũng ko thấy nói gì.sendo giờ chán ko muốn mua",negative,1,1,0,1,1,absa_annotation_batch_003.csv,low,2,4
bf76341d-bffb-4d18-bd7b-fecd615c9f77,May mắn thì được nhân viên tốt bụng giao hàng còn xui xẻo thì được nhân viên giao hàng tệ hại và cục súc và bố láo nhân cục súc gọi điện hét vào mặt người mua lên chấm 3 sao⭐,negative,1,0,1,1,0,absa_annotation_batch_001.csv,low,2,3
984bc8ff-889c-4a1a-806a-56db679919ad,"Tôi đến với tiki do muốn tìm hàng chính chủ uy tín, nhưng khi các nhãn hàng mở shop chính chủ trên Shopee, tôi đã xoá tiki. Tiki làm dịch vụ chưa tốt, khuyến mãi ảo nhiều, ít có các chương trình giảm giá.",positive,1,1,0,1,0,absa_annotation_batch_001.csv,low,2,3
60eeaa50-c477-4ef2-839c-84f927aab7f7,"giao hàng nhanh, chính sách tốt có đổi trả, giải quyết khiếu nại nhanh",positive,1,0,1,1,0,absa_annotation_batch_001.csv,low,2,3
e9578775-5a95-44ce-b2ec-22073224db56,Làm ăn rất bát nháo Thánh toán mua 3g xong tiền trừ bị lỗi không hoàn tiền luôn Phục vụ dở tệ sẽ không quay lại,negative,0,1,0,1,1,absa_annotation_batch_001.csv,low,2,3
69c20631-6332-496b-a088-3e641c2b6f4f,"Helo nv Tiki . _tôi mới tải cấu hình về để xem các sản phẩm. tôi.cũng chưa biết cách nhận thông tin khi mình đã mua.1 sản phẩm thì xem lại thông tin ở mục nào. _Nếu có số thứ tự 1, 2 ,3.. ở phần cá nhân thì tôi sẽ biét được mình đã mua mà không phải chọn lần 2 nữa. _Mong nv hướng dẫn cho tôi biết cách. _ Khi sản phẩm mua ,có được đóng gói tránh bị rách và bọ tráo hàng hay không ? --> tránh tình trạng phản ánh mọi vấn đề , phải đổi trả. thank nv",positive,1,0,1,1,0,absa_annotation_batch_002.csv,low,2,3
1e04875f-4ee1-4b48-b74d-b75c63ec26d1,"Tiki giao hàng chậm so với các tranh mua bán khác, mình vẫn ok vì chất lượng sp tốt, đóng gói kỹ, nhân viên giao hàng thân thiện. nhưng dạo này thấy dịch vụ cskh càng đi xuống. bảo hành sản phẩm rất lâu và hình như không có để ý đến yêu cầu của kh.",positive,1,0,1,1,0,absa_annotation_batch_003.csv,low,2,3
38b99313-0d5b-4b53-b888-5dd2b2391575,Lần đầu cũng là lần cuối mua ở tiki làm ăn rất là nề mề tưởng tiki chắc chắc lắm . Ai zè ko bằng 1 phần của shoppe và lazada giao hàng sai ko có nút trả hàng gọi nhân viên gần tháng trời ko đc xử lý lúc nào cũng chờ,negative,1,0,1,1,0,absa_annotation_batch_003.csv,low,2,3
b892e24e-5b44-40f4-86b6-869c84ce45da,Chất lượng ok . nhân viên giao hàng rất chu đáo . rất nhiệt tình. Rất kiên nhẫn. Phải gọi là cực kỳ ok ^^,positive,1,0,1,1,0,absa_annotation_batch_003.csv,low,2,3
42f4b308-6cda-43bf-822c-195a2c8fb709,"Không có phần hỗ trợ khách hàng, nhiều khi muốn hỏi vấn đề gì đó khó quá, gọi điện thì những 1000d một phút. App thì rất đơ, không mượt như các app mua hàng online khác, nhiều lúc chán chả muốn duyệt app, muốn xóa đi cho nhẹ máy .",neutral,1,0,0,1,1,absa_annotation_batch_003.csv,low,2,3
49545de7-4897-4c72-bc41-3f03e71d7206,Mua đồ của tiki được mấy lần mà lần này thất vọng thật sự giao cái bàn học lỗi như đồ bỏ cho tôi thật sự chán nản với cách làm việc hiện tại của tiki nếu thấy được đánh giá tiki phản hồi tôi gấp !!!,negative,0,1,0,1,1,absa_annotation_batch_003.csv,low,2,3
44521882-fdf5-405b-9950-202eff66444b,"không hài lòng, đặt hàng tiki trading đến khi giao lại thiếu hàng, hỗ trợ khách hàng không tốt!",negative,1,0,0,1,0,absa_annotation_batch_001.csv,low,2,2
1567b432-0fd1-4ac8-979f-596239508aea,"Nhân viên hỗ trợ lâu, rep tin nhắn chậm, hỗ trợ lâu, tiki ko có nhiều mã giảm giá, quá thất vọng",negative,0,1,0,1,0,absa_annotation_batch_002.csv,low,2,2
ecaf3915-5c45-4294-b992-c4a57645c556,Sendo là sàn tệ nhất so với lazada và shopee. Tôi chưa bao giờ nhận được câu trả lời từ các shop sàn sendo. Các nhà quản lý sendo họ không chú trọng chuyện chăm sóc khách hàng nên họ để mặc các shop muốn làm gì thì làm không có sự răn đe các shop. Nên các shop Sendo đa phần tương tác vói khác hàng cực kém cỏi,negative,1,0,0,1,0,absa_annotation_batch_002.csv,low,2,2
82f43ce0-c465-4362-b900-b4f0277b6374,chưa có dịch vụ free ship,positive,0,0,1,1,0,absa_annotation_batch_003.csv,low,2,2
b0af2739-3a21-4569-b00b-98bed1a98d6b,"Tiki tổ chức even lừa đảo, dựt đồ mà tốc độ ánh sáng chỉ có đám nhân viên của tiki lãnh hết",negative,0,0,0,1,0,absa_annotation_batch_002.csv,low,2,1
c2226e62-0e76-47cc-9b16-5772eaf6b9cc,muốn gửi ảnh lên phản hồi làm sao vậy các cao nhân,negative,0,0,0,1,0,absa_annotation_batch_002.csv,low,2,1
64494e5e-79f9-44f2-85aa-5fcf09ca575a,Phản hồi chưa xác yêu cầu,positive,0,0,0,1,0,absa_annotation_batch_003.csv,low,2,1
34c06f31-b484-420a-979c-ad92b7602c1f,Chính sách hổ trợ đổi trả quá tệ,negative,0,0,0,1,0,absa_annotation_batch_003.csv,low,2,1
737509a2-bc63-4fe1-883e-b224ac06f6d7,"Tôi đã mua hàng ở rất nhiều shop online khác nhau nhưng t vẫn luôn tin tưởng tiki nhất. Thái độ phục vụ tốt, giao hàng nhanh, phí vận chuyển rẻ, chất lượng sản phẩm tốt, mua hàng ở tiki không bao giờ sợ hàng giả. Đổi trả sản phẩm dễ dàng trong 30 ngày nếu không còn như cầu nữa. Sẽ ủng hộ tiki dài dài💕",positive,1,1,1,1,0,absa_annotation_batch_001.csv,low,1,4
fca25a1e-e5b2-4a86-af73-53f8fe2bad84,Bên này giao hàng quá lâu như thế ai mà dám dat hàng Nếu bán hàng cạnh tranh thì từ nhân viên den người giao hàng phải tranh thủ chứ ko phải nghe khách hủy don hang là nói oke như thế thì bao giờ công ty mới khá lên được cái này giám đốc phải coi lại bộ phận chăm sóc khách hàng,negative,1,1,1,1,0,absa_annotation_batch_001.csv,low,1,4
f5cd37dc-3619-4e0d-a4f0-bef21c451b02,"TiKi giao hàng nhanh, nhân viên giao hàng nhiệt tình và thân thiện. Sẽ ủng hộ TiKi !",positive,1,0,1,1,0,absa_annotation_batch_001.csv,low,1,3
09a7252d-4dcc-4011-a4d5-59595ebd2c40,"Mình trả hàng của tiki về, sau đó mình sẽ nhận lại tiền trong tài khoản. Bình thường thì sau 1 tuần sẽ nhận được mail, rồi 2-3 ngày sau nhận được tiền. Mình thì thậm chí hơn 2 tuần rồi không thấy mail thông báo đâu. Gọi lên dịch vụ hỗ trợ khách hàng thì ""đợi 2-3 ngày nữa sẽ có mail"" đợi thêm 1 tuần cũng k thấy ai liên lạc. Sau đó tiki chỉ gửi mail về ""bạn có hài lòng với dịch vụ hỗ trợ khách hàng của tiki không?"". Không nhé, chỉ được cái hứa hẹn còn làm thì không thấy đâu. Cực kì chậm trễ. Mua thì nhanh lắm, mà trả hàng lại thì mắc mệt.",negative,1,1,0,1,0,absa_annotation_batch_002.csv,low,1,3
9c09f45b-a4ea-4545-86f4-b6f0ca704bc8,Gửi sản phẩm nhanh hơn dự kiến ban đầu. Nhân viên giao hàng và chăm sóc khách hàng rất nhiệt tình.,positive,1,0,1,1,0,absa_annotation_batch_002.csv,low,1,3
854050ce-dcdd-4d84-8da8-f25f3e1dd46b,"Tiki vô trách nhiệm, thông báo giao hàng vào ngày thứ 2 thế mà thứ 7 đã giao đến đúng lúc ng ta ko có nhà . Gọi lại nhân viên ko thèm bắt máy. gọi cả chục cuộc nói lý do ra rồi cũng ko có hồi âm.",negative,1,0,1,1,0,absa_annotation_batch_002.csv,low,1,3
cb6c051d-95b1-471b-81c1-b3d24fdcaedb,"Tiki care rất tốt, đội ngũ chăm sóc khách hàng rất thân thiện ạ. Hàng mua thì vừa đẹp giá cả phải chăng nữa. 5 sao cho Tiki",positive,1,1,0,1,0,absa_annotation_batch_003.csv,low,1,3
6abaa566-e14a-493a-b851-53e9e75fb78b,mua hàng dịch vụ vận chuyển Ki ti rất rõ ràng..chuyên viên vận chuyển rất tôn trọng khách . phong cách giản dị,positive,1,0,1,1,0,absa_annotation_batch_003.csv,low,1,3
4a6aeaf4-5e0c-4019-b5f2-f873b851dc08,Mua hàng sen đỏ rất ok. Hay bị lỗi lâu lâu lại xuất hiện không cho bình luận live nên không mua được hàng.,negative,0,0,0,0,1,absa_annotation_batch_003.csv,high,5,1
94f116de-6647-42c5-be88-26a30486ab07,Đặt đồ bận quá rộng quá tiết cho 1 ứng dụng k để size cho mình chọn tôi phê bình trực tiếp ứng dụng này,negative,1,0,0,0,1,absa_annotation_batch_001.csv,medium,4,2
f2e178b5-8884-4828-9be4-d16569046989,"Sendo cần quản lý chặc chẽ hơn các shop bán hàng, cần giao đúng sản phẩm khách đặt. Đã bị mấy đơn hàng rùi, nên hơi bất mãn với app",neutral,1,0,0,0,1,absa_annotation_batch_001.csv,medium,4,2
5448c99b-623a-4295-954f-ccc7ab9dece4,Thích nhất là mua sách thui. Các sp kia hơi đắt hơn so với các app khác,positive,0,1,0,0,1,absa_annotation_batch_002.csv,medium,4,2
e51bf775-3e15-43b4-8e06-c7fdf3e878e6,"K hài lòng chỗ tìm kiếm, rõ ràng hàng có bán mà nhập từ khóa tìm kiếm thì k ra. Đề nghị lập trình cần nâng cấp để phù hợp với nhu cầu và sự phát triển. Nếu cứ như hiện nay tôi sẽ k dùng và rất nhiều người sẽ k dùng mà chuyển qua ứng dụng khác.",neutral,1,0,0,0,1,absa_annotation_batch_002.csv,medium,4,2
586873a6-7837-4885-ae7b-a8245d8397a9,k hủy đơn hàng đc giao thì chậm ........,negative,1,0,0,0,1,absa_annotation_batch_002.csv,medium,4,2
d844f92a-fbd3-4ef1-9746-a8db93742c59,"Đơn hàng 2 món có khi giao 1 lần có khi giao 2 lần.Đơn hàng 3,4,5... món giao 3,4... lần.Đơn hàng 8,9... món giao 5,6... lần.Đã ko có thời gian mới mua hàng online,mà mỗi lần nhận hàng rất phiền,ko hài lòng về điều này,nếu có thể 1 đơn giao 1 lần thì tốt rồi.",neutral,1,0,0,0,1,absa_annotation_batch_003.csv,medium,4,2
87cbd674-b80c-4c1f-9108-76b6cd3d92f7,Chờ cài đặt lâu lắm Lâu quá không thể hiểu được tệ bạc Nói chung là vậy,negative,0,0,0,0,1,absa_annotation_batch_001.csv,medium,4,1
7e84b9f9-1e38-4af9-9c5b-f88d5a86804f,"Giao diện app rất hợp lý, UX rất ổn YQZO",positive,0,0,0,0,1,absa_annotation_batch_002.csv,medium,4,1
d2d5c24b-a18c-431f-8e0b-dc9b252ba787,"Khá tệ luôn, vừa tăng giá trị xài free mà giãm hổ trợ freeship nữa, giao diện lag gỏ hàng thì luôn luôn bị chữ close là sao",negative,1,1,1,0,1,absa_annotation_batch_002.csv,medium,3,4
9d3baff2-ab23-449e-b102-846164ef6014,"1. App load quá chậm. 2. Giao hàng chậm so với hẹn (mình dính 2 lần). Quy trình đặt giao hàng thiếu chuyên nghiệp. Trạng thái ""Đã tiếp nhận"" nhưng khi mình đợi lâu quá ko thấy thông tin nên gọi hỏi thì nv nói là ""chưa xử lý"". 3. Voucher nội dung ghi gây hiểu lầm: ""mua sản phẩm chỉ với 400k"" - nhưng thực tế là giảm 400k. 4. Điểm cộng là giá tốt so với thị trường và chất lượng khá ok",positive,1,1,1,0,1,absa_annotation_batch_003.csv,medium,3,4
9c91e2b3-a738-4d1c-8ed0-430c64e3afc5,App rất hay nhưng giao hàng thì hãm🙂 ko biết đường thì đừng làm shipper🙂 địa chỉ chi tiết như thế mà ko biết lại còn gọi điện cằn nhằn với khách hàng🙂 làm vậy ai mua 🙂,neutral,1,0,1,0,1,absa_annotation_batch_001.csv,medium,3,3
ba586414-3767-426c-9d4f-b4ac7441e04c,"đơn hàng đầu tiên giao hàng nhanh vượt dự kiến rất hài lòng. đơn hàng thứ 2, đã thanh toán trước hẹn 26/7 giao hàng, nhận thông báo lần 1 hết hàng dự kiến chuyển sang ngày 29/7 nhưng đến hẹn lại nhận tiếp thông báo dự kiến 06/8 mới nhận được hàng. Tiki xử lý vấn đề kém, tình trạng giao hàng delay không chấp nhận được.",positive,1,0,1,0,1,absa_annotation_batch_001.csv,medium,3,3
80dbdfba-351b-48cf-a1e4-cd695cbd3c9a,"Không biết đánh giá tiki có đọc ko, chứ nói thật ko biết cái ứng dụng này có bao nhiêu ng thiết kế mà để cái sản phẩm tràng lan ra nhìn quá rối mắt, nhiều sản phẩm giống nhau chỉ khác màu sắc ko gom vào 1 cho dễ nhìn. Nhiều lúc nào nhìn chán chẳng muốn xem, hãy qua các trang lazada hay shoppe xem họ làm kìa. Đã cạnh tranh thì phải biết học hỏi những cái hay của họ chứ",negative,1,1,0,0,1,absa_annotation_batch_002.csv,medium,3,3
2a0dd336-d8ad-41a1-a5f4-3724dd78b6b7,Tiki cho đơn hàng quà tặng áp dụng hình thức thanh toán tiền mặt khi nhận hàng đi Pleas:((😢😢,neutral,1,1,0,0,1,absa_annotation_batch_002.csv,medium,3,3
86f48a76-0d3b-4d4c-910a-405fb923b996,Ứng dụng tiếp tay kẻ lừa đảo bán hàng và cũng là ứng dụng tệ hại .. Shop giao không đúng hàng . t cho shop ..shop đồng ý cho trả hàng mà CSKH của tikki cứ hỏi lý do rồi chỉ qua chỉ lại nói lát hết mẹ 50k tiền card .. Mà cũng k cho mình trả hàng . đơn hàng hơn 500k,negative,1,1,0,0,1,absa_annotation_batch_003.csv,medium,3,3
323a8a51-3587-4030-bf30-f734cf655f39,Ban đầu mọi thứ bình thường Tôi đặt hàng như mọi khi Nhưng sđt tôi quên đổi nên hủy đơn hàng Trong khi đó mã giảm giá tôi đã áp dụng vô nhưng hàng của tôi còn chưa xác nhận khi tôi ra lại để đặt lại thì mã giảm giá của tôi đã ghi là đã SỬ DỤNG nhưng tôi còn chưa sử dụng tôi chỉ quên thay đổi sđt để đặt hàng nên hủy để đặt lại vậy mà shendo lại ghi là tôi đã sử dụng ? Tôi ko thích điều này chút nào Vậy thật bất công Tôi mún shendo sửa lỗi này,negative,1,1,0,0,1,absa_annotation_batch_003.csv,medium,3,3
f04ce638-c6f9-495b-817f-5a90ae69d619,làm ăn vớ vẩn. sai địa chỉ ship ăn cmn hàng đã thanh toán luôn. gọi tổng đài chả đc cái tác dụng gì,negative,1,0,1,0,1,absa_annotation_batch_003.csv,medium,3,3
56d5d0be-092e-499e-8d47-ca3132fb2ae2,cái kiểu mà mua đặt hàng 4.5 ngày rồi không giao sản phẩm lên giá thì báo hủy đơn hàng .rồi thông báo lỗi.lỗi j vậy,negative,1,1,0,0,1,absa_annotation_batch_003.csv,medium,3,3
f2dba900-774b-42a2-a1fb-3486daf0156c,"Sao xem thông tin đơn hàng không được vậy. Giao hàng không biết đường xem 
thông tin hàng nè",neutral,1,0,1,0,1,absa_annotation_batch_003.csv,medium,3,3
1a10562e-f67f-4fb6-9326-dbb6a2e79f5e,Tự nhiên tiki hông cho thanh toán tiền mặt nữa quá bất tiện cho những bạn hông có thẻ ngân hàng thì lm sao chuyển tiền fdc mong bên tiki xem xét lại... Hoizzz,neutral,1,1,0,0,1,absa_annotation_batch_003.csv,medium,3,3
7b9eada7-465c-4e9b-ae0d-942a03b11fa2,Các mặt hàng quá đắt so với các ứng dụng khác,negative,1,1,0,0,1,absa_annotation_batch_003.csv,medium,3,3
7aea0895-7dc0-4104-9ba3-1602a6bfcaf8,"Rất thích tiki, nhưng cũng rất mệt mỏi vì mỗi lần nhấn vào sản phẩm gì đó xem, quay trở về thì lại về đầu trang web. Phần nhận xét cũng vậy nhấn vào hình xem các bạn ấy review, quay về thì vẫn tải lại từ đầu trang. Tiki deal rất nhiều, xem 50sp là 50 lần nhảy lại từ sp 1. thêm vào phần theo dõi cũng vẫn cứ tải hoài như bị lag mạng. Mong tiki khắc phục. Ủng hộ",positive,0,0,0,0,1,absa_annotation_batch_001.csv,medium,3,1
15ea7877-80cb-48a1-bee8-94fe7deaea67,"Kb tại sao mình k thể xem giỏ hàng đc, vào k hiện gì cả lúc trước rất thích tiki mua hàng cg ok nhưng hôm qua đến giờ mình muốn mua mà k thể nhìn đc sp trong giỏ",positive,0,0,0,0,1,absa_annotation_batch_001.csv,medium,3,1
d7b4973f-60cb-4d9d-bd85-f3da5d90b066,"Moi người ơi,, hãy tẩy chai cái app cho de này đi. Đkm nó mã giảm giá thì đeo sử dụng được,, mã miễn phí vận chuyển cũng đeo sử dụng được,, toàn là thanh toán zaloplay.. thanh toán con mẹ nó. Đkm nó không phải ai cũng có tk ngân hàng để tt. Moi người hãy chung tay tẩy chai cái app và xóa app này đi. Qua Lazada mua hàng cho sướng. Moi người không nên mua ở sendo và tuyệt đối không nên tt qua thẻ NH vì sendo không giải quyết nếu có lua dao say ra. Nên tẩy chai là vừa rồi",negative,1,1,1,0,1,absa_annotation_batch_001.csv,low,2,4
dd5261eb-d154-4121-a51e-d892a9f8ab8f,App mua sắm cskh rất kém săn sales ko giao hàng người bán và khâu vận chuyển xích mích tự hủy đơn hàng của khách và đổ thừa khách ko nghe máy. Rất tệ khi mua hàng ở app này mọi người qua shopee hay tiki mua hàng se ổn hơn.,negative,1,1,1,0,1,absa_annotation_batch_001.csv,low,2,4
311f0c0f-84fa-4655-83dc-cc0117924da0,"rất thích mua hàg ở tiki do không lo phải mua nhầm hàng giả. giá cả tuy hơi chênh lệch với các app khác một xíu nhưng tiền nào của đó, chất lượng hàng luôn rất tuyệt vời. hơn hết là thường có những đợt sale bung nóc. tuy nhiên trong thời gian gần đây tiki giao hàng khá chậm so với trược kia. đơn hàng được hoàn thành trog 1 thời gian khá dài. mong tiki sớm khắc phục.",positive,1,1,1,0,1,absa_annotation_batch_003.csv,low,2,4
24eb3f38-ddba-4037-b8c5-5157d6877834,Ứng dụng rất chán tìm kiếm sản phẩm cần mua không bao giờ thấy. Giá cao hơn các app khác,negative,1,1,0,0,1,absa_annotation_batch_001.csv,low,2,3
6fd2d0c0-459f-4c82-b586-87c1dbf34c31,"Lúc trước tiki cho mình trải nghiệm tốt bao nhiêu thì giờ cho mình trải nghiệm tệ bấy nhiêu. Lúc trước đặt hàng hơn tuần là có, bây giờ cả tháng vẫn chưa thấy hàng đâu. Tình trạng hủy đơn thì ngày càng phổ biến. Vẫn biết khi hủy đơn tiki sẽ cho mã giảm giá nhưng một hai lần thì còn chịu đc chứ, chứ cứ lần nào mua cũng hủy đơn như thế này thì ai mà chịu nổi. Sản phẩm ko thể giao cho khách đc thì đừng có để trên gian hàng chứ. Xong rồi hủy đơn hàng năm tiếng trời mới thông báo cho khách,khi cả ngày",neutral,1,1,0,0,1,absa_annotation_batch_001.csv,low,2,3
1ce1905d-e1c8-4098-8032-a7f4ef34d38c,tiki bị lỗi hay sao đấy ạ. E k vào xem sản phẩm đc. Sherch sản phẩm xog chỉ nhìn giá. Còn khi bấm vào xem chi tiết thì bị trắng màn hình rồi văng ra ngoài. Em đã thử xóa ứng dụng tải lại nhưng k khắc phục đc. Mong là tiki sẽ đc sửa lỗi ạ.,neutral,1,1,0,0,1,absa_annotation_batch_001.csv,low,2,3
49440d06-b34d-4bca-a400-63910ab75697,ứng dụng chỉ ở mức ổn thôi chứ chưa được tốt giao hàng cònchậmthông tin quảng cáo không giống nhưhàng mình đc nhận,negative,1,0,1,0,1,absa_annotation_batch_002.csv,low,2,3
a291577e-1425-430f-a81b-820f2ee3ef3e,Hack tốc độ giao hàng level max Mới đặt hàng đc 1 tiếng trước .1h sau là đóng gói xong r. App rất tốt,positive,1,0,1,0,1,absa_annotation_batch_002.csv,low,2,3
fb8f9923-296e-4bba-838c-2f7c15f2bff5,Đặt đơn hàng gần 1 tháng r vẫn ch có thông báo là đơn hàng lỗi giao hàng trễ. Trễ thì trễ nhưng s lại trễ dữ z,negative,1,0,1,0,1,absa_annotation_batch_002.csv,low,2,3
9d50a954-3a6c-4420-b825-f3b1eec1e34d,"Hàng ở tiki khá chất lượng tuy nhiên lúc nào đặt hàng cũng ở trạng thái bàn giao vận chuyển dự kiến là giao thứ 5 mà 3,4 hôm sau vẫn chưa thấy giao .Dự kiến giao hàng ko hề đúng mình mong tiki sẽ khắc phục khoản này thì sẽ có nhiều người sử dụng app hơn.",positive,1,0,1,0,1,absa_annotation_batch_003.csv,low,2,3
877a6e81-daca-4ebf-9236-72774970b648,Sendo cho shop tự hủy đơn hàng. Sau đó giao hàng giả cho khách hàng khi khách hàng sơ ý. Đề nghị Sendo kiểm soát các shop làm ăn gian dối.,neutral,1,0,1,0,1,absa_annotation_batch_003.csv,low,2,3
58ab2667-056d-4632-82c3-f2e0076d1c3b,"Trước đây thì rất hài lòng, nhưng từ đợt dịch thì làm ăn chán, ít khuyến mãi, mua được đơn hàng giảm giá thì lại bị bom hàng, gửi đến mấy cái túi rỗng",positive,1,1,0,0,1,absa_annotation_batch_003.csv,low,2,3
8ef302a7-dadb-445a-9a6b-820adeba16fc,Xử lý đơn hàng quá chậm.tôi đặt mua cái loa mà 3 ngày rồi mà đơn hàng vẫn chưa xử lý..gọi shop thì ko bắt máy,negative,1,0,0,0,1,absa_annotation_batch_001.csv,low,2,2
169aa462-32a0-49e6-ac18-539cf07a592c,giao hàng thật nhưng giao hơi lâu mong tiki sửa lỗi,negative,0,0,1,0,0,absa_annotation_batch_003.csv,high,6,1
2ed2b56a-1afa-4897-a5af-84a8469f304d,"Giao nhanh, chat lượng đúng như đặt và tốt",positive,1,0,1,0,0,absa_annotation_batch_001.csv,high,5,2
bc0e071b-c638-452b-a347-3b7e447dad7b,Phí vận chuyển dạo này đắt quá. Giao hàng tc 44k lận,negative,0,1,1,0,0,absa_annotation_batch_003.csv,high,5,2
dd04f5d1-6f31-4dae-8a78-93eb9cba8598,Đây là trang thương mại điện tử đbrr nhất cái việt nam này đặt từ 8/8 đến nay 15/8 vẫn chưa thấy shop bàn giao cho đơn vị vận chuyển mà cũng chẳng có tí động tĩnh nào tốt nhất qua lazada hay shopee mà mua nghỉ mẹ cái sendo đi,negative,0,0,1,0,0,absa_annotation_batch_001.csv,high,5,1
187a0d0a-84b2-478d-9d84-5dd891aad1a4,em mog tiki giào hàng nhanh hơn tí .. chứ hàng em tiki hẹn tới 1 tuần ms giao ..huhu.. em hóng hàng 😫😫,positive,0,0,1,0,0,absa_annotation_batch_001.csv,high,5,1
a5e2456c-8d72-474e-8170-42cb3fff25d7,"Giao hàng chậm như rùa bò còn thua bên lazada, thêm tiền hoa hồng cho tài xế chạy nhanh xíu mấy sếp bụng bự ơi",negative,0,0,1,0,0,absa_annotation_batch_003.csv,high,5,1
61698eb8-fc54-4143-afab-240bf9d5a0fe,"Quá tốt.đáng tin tưởng.Giao hàng nhanh hơn thời hạng,có nhiều khuyến mãi.hàng giống hình,cho tiki ngàn sao.Mua gân 10sp rồi nhưng món nào cũng tốt cả.cảm ơn tiki",positive,1,1,1,0,0,absa_annotation_batch_001.csv,medium,4,3
0f1a7f4f-7ed2-4c57-bde6-049190910d3b,"hơi thiếu chuyên nghiệp , không hiện tiền ship - không hiện địa điểm shop",negative,0,1,1,0,0,absa_annotation_batch_001.csv,medium,4,2
c1b66233-8555-4107-b8a5-e7d30d4c12cf,"ví nam da bò dập vân cá sấu rất đẹp ,để được nhiều giấy tờ .đóng gói sản phẩm kỹ và đẹp mắt.Cảm ơn TiKi và sẽ mua tiếp",positive,1,0,1,0,0,absa_annotation_batch_001.csv,medium,4,2
15d08291-5887-45e9-8c27-9d3ffcecbcf0,"Sản phẩm chất lượng đóng gói kỹ càng và có đầy đủ thông tin rõ ràng ,cảm ơn Tiki nhé",positive,1,0,1,0,0,absa_annotation_batch_001.csv,medium,4,2
2080751f-85ce-47b3-9e8c-ff901a0b6ae4,Tại sao khi đổi địa chỉ giao hàng cứ bảo không hợp lệ? Cần được hướng dẫn.,neutral,1,0,1,0,0,absa_annotation_batch_002.csv,medium,4,2
41c0689d-3837-44a1-998a-5dadf048723e,Tiền ship rẻ,neutral,0,1,1,0,0,absa_annotation_batch_002.csv,medium,4,2
f76472c5-6991-4c70-af7d-5a3adffaa5f6,"Ninja Van ko thèm giao hàng cho tui luôn, còn trả hàng lại nhà bán nữa chứ, trong khi tui chưa nhận dc hàng",negative,1,0,1,0,0,absa_annotation_batch_003.csv,medium,4,2
cd87d2bd-71fd-4163-abab-efe6d406b0dd,Ship quá tệ,negative,0,0,1,0,0,absa_annotation_batch_002.csv,medium,4,1
ce735e46-5d9f-4026-925f-614b53a1d78c,Shop quảng cáo là miễn phí ship mà khi đặt hàng thì vẫn thu phí ship hàng là sao vậy,neutral,1,1,1,0,0,absa_annotation_batch_001.csv,medium,3,3
336e0e17-cfd3-475c-b230-99f96d89e3a4,"CSKH tệ, tg giao hàng càng ngày càng chậm nhưng cũng không nói được câu đàng hoàng cho kh đỡ nóng lòng, toàn copy paste mà cũng tl chậm. NV thái độ dửng dưng, nuốt tiền của người khác hơn 1 tháng rồi, muốn hủy cũng không hủy được. Nếu được cho 0 sao thì cũng cho rồi. Lần đầu tiên muốn đánh giá 0 sao cho đơn vị nào đó :)",negative,1,1,1,0,0,absa_annotation_batch_002.csv,medium,3,3
0197f2a2-1b84-44f9-b504-ced997bf5bf2,8.8 ko cho ngta giực đồ j ht toàn giá cũ ko thất vọng về shop lắm shop tuy như vậy nhưng mà giao hàng nhanh hơn mấy shop khác cho shop 5 sao,positive,1,1,1,0,0,absa_annotation_batch_002.csv,medium,3,3
f99c95ed-6f2f-4d90-854a-fc9ec9cc61c5,Thích vì ap mua hàng cho kiểm tra.Nhưng ko thích vì tiền phí ship thu cao quá nên ko hay mua.,positive,1,1,1,0,0,absa_annotation_batch_003.csv,medium,3,3
ee8fa68f-de5c-449e-b6ac-6e31b372a727,"Giao hàng các kiểu ok, mà event lừa đảo kinh dị",negative,1,0,1,0,0,absa_annotation_batch_002.csv,medium,3,2
fcfa3bd0-eec3-45bf-bf0f-2381f3269333,"Ship 38k , để giành sài luôn đi",negative,0,0,1,0,0,absa_annotation_batch_001.csv,medium,3,1
10857c19-baf7-4c93-9322-dc783dd9fded,"Lần đầu và cũng là lần cuối mua của tiki, ship cái chảo không có nắp, hẹn lên hẹn xuống. Chán đcđ",negative,0,0,1,0,0,absa_annotation_batch_003.csv,medium,3,1
7de56647-1a53-400a-8171-38d8df159074,"Sendo ban hang rẻ hơn so với trang TM điện tử khác, thường miễn ship và có voucher gỉam giá. Giao diện dễ sử dụng, Nhưng hàng sendo bán thường không chât luong như tiki, lazada, nhiều Hang nhái. Về thời trang thì zỏm thôi rồi, mua về là vứt. Đề nghị sendo kiểm duyệt shop và sản phẩm trước khi đăng bán, mong sendo cải tiến, dù sao cũng luôn ủng hộ sendo",positive,1,1,1,0,0,absa_annotation_batch_001.csv,low,2,3
5b262891-6bea-4498-b596-34d347106929,"Thu phí vận chuyển cao quá, hàng bán cũng đắt hơn chỗ khác.",negative,1,1,1,0,0,absa_annotation_batch_002.csv,low,2,3
821567ce-7a33-455e-a6d1-ace0712f3e6b,"Mỗi lần mua hàng đã số là phải chờ đến từ 5 đến 6 ngày mới nhận được hàng , tôi đặt hàng 2 lần 1 sản phẩm đó và cùng 1 shop đó ,1 lần thì đợi đến khoản 7 ngày người giao hàng kg liên hệ với tôi mà lại bị hủy đơn do giao kg thành công, và 1 lần thì đợi shop xác nhận đến khoản 7 ngày cũng bị hủy đơn vì shop chưa xác nhận có hàng , mỗi khách sử dụng đc 5 mã miễn phí vận chuyển từ 0đ trong tuần vậy mà tôi chưa dùng đủ 5 mã đã kg dg đc nữa. vv.. NAM MÔ A DI ĐÀ PHẬT",negative,1,1,1,0,0,absa_annotation_batch_003.csv,low,2,3
a6491d78-8973-42e3-82db-e01e7d2f2e30,Báo giá chuẩn để người mua còn biết đằng này báo 1 giá vào xem lại báo giá khác,negative,0,1,0,0,0,absa_annotation_batch_002.csv,high,5,1
36123621-8b4f-42f7-acfe-8570af91cd9f,Hàng tốt giao tốt nhưng tiền gia hàng quá mắc 😞,neutral,1,1,0,0,0,absa_annotation_batch_002.csv,medium,4,2
0c5503d0-b30e-4f57-8524-1a8208c17e8b,"Mua 1 quyển sách mà cứ tự động tính tiền các quyển giới thiệu. Lại mất công 
tích lại.",neutral,0,1,0,0,0,absa_annotation_batch_001.csv,medium,4,1
1ad45a23-61a6-46e9-a75f-93610f67d2c9,"Mình cần mua côn nhị khúc. Năm 2019 thấy bán rất đa dạng, giá cả hợp lý. Giờ tìm không thấy cái nào",negative,0,1,0,0,0,absa_annotation_batch_002.csv,medium,4,1
6719944b-af71-4c2c-a520-044db83c2d50,"Mình chưa mua gì nhưng xem giá thì thấy thấp hơn các shop khác , thế là hợp tâm lý người tiêu dùng rồi.",neutral,0,1,0,0,0,absa_annotation_batch_003.csv,medium,4,1
5bdc3a05-fdf2-443c-bd90-261c3b773c83,Rất nhiều đồ rẻ mà còn chất lượng nữa,positive,1,1,0,0,0,absa_annotation_batch_001.csv,medium,3,2
e954686f-94d5-444c-a88c-3856579d9235,"Tiki làm tốt ,khách hàng không cần gì nhiều ,chỉ cần các shop trả lời mọi thắc mắc của khách hàng, chính sách luôn cho khách hàng kiểm tra hàng , không ai dại gì mua trâu mà vẻ bóng.",positive,1,0,0,0,0,absa_annotation_batch_002.csv,medium,4,1
f04bb8ad-8995-496a-80fe-5a5c7a408d8c,Con xem chất lượng hàng về đến nơi có đúng hay không nhé,positive,1,0,0,0,0,absa_annotation_batch_001.csv,medium,3,1
6c157154-bab3-4b94-8147-82c6b23b9ab6,hàng chất lượng,positive,1,0,0,0,0,absa_annotation_batch_002.csv,medium,3,1
1fb9ccff-a034-48a8-a8bf-3efef218ae34,Cần sử lý đuổi mấy shop lừa đảo,negative,0,0,0,0,0,absa_annotation_batch_001.csv,medium,4,0
b1b5d3ce-fbde-4bed-a265-ba3e6ee8d9f7,"Dở nhất là không xoay ngang màn hình đươc! Muốn ủng hộ người Việt Nam nên tăng cường ưu tiên dùng Sendo, nhưng phần mềm phải tiện dụng, xử lý được lừa đảo mới thu hút người dùng.",negative,0,0,0,0,0,absa_annotation_batch_001.csv,medium,4,0
c14f4a7d-1f5d-4001-a0fb-348ce83a4825,Mình muốn xài mà không biết vào shop đó mua nhiều món mà ko biết sao,neutral,0,0,0,0,0,absa_annotation_batch_001.csv,medium,4,0
08de3bee-381d-4049-ba32-48ba493d2384,Có shop lừa đảo chán vloz,negative,0,0,0,0,0,absa_annotation_batch_001.csv,medium,4,0
880e6509-fad3-410b-bf24-6831f149f707,tiki chỉ giao 2 tiếng khi ởi TP HCM thôi 🤔,neutral,0,0,0,0,0,absa_annotation_batch_002.csv,medium,4,0
d31f2ed0-a1c9-421b-be2c-6379f841802a,Mong đừng nổi quảng cáo lên màn hình khi đang xem mục khác,neutral,0,0,0,0,0,absa_annotation_batch_002.csv,medium,4,0
34c2c555-7125-4ec5-b25c-6c9fe215d6bc,Ko hiểu s đặt hàq 3 lần r mà đel dao 😂😂👏,neutral,0,0,0,0,0,absa_annotation_batch_003.csv,medium,4,0
4a8055c9-a4a0-4669-bcea-3d1a5b4b5333,hinh như ko có phần chát vơi shop,neutral,0,0,0,0,0,absa_annotation_batch_003.csv,medium,4,0
20f80ce2-8002-4b58-baed-7c07e7caf14d,"ôi em vừa vào chọn đồ, hễ nhấp vào là bị thoát ra k thể nào đc. Phải làm cách nào để khắc phục ạ?",positive,0,0,0,0,0,absa_annotation_batch_003.csv,medium,4,0
f07c3942-60be-4196-98e8-383c82765717,Âm thanh thông báo luôn làm tôi giật mình.,neutral,0,0,0,0,0,absa_annotation_batch_003.csv,medium,4,0
a18d9139-b6ed-4aba-86c7-cb269b2a8c45,"Tiki làm ăn uy tín, mình rất hài lòng",positive,0,0,0,0,0,absa_annotation_batch_001.csv,medium,3,0
eae36baa-1166-401a-aaf6-ce1d6e5aa871,Mấy bữa nay sao thấy TiKi giao trễ và ko đúng hẹn nữa!😤,negative,0,0,0,0,0,absa_annotation_batch_001.csv,medium,3,0
dd3e8cc4-8b2a-4a28-8060-a49093358d76,"Hai ngày nay không xem được bình luận trên senlive không mua gì được , mặc dù đã thoát ra nhiều lần và cài đặt lại, thất vọng quá,",negative,0,0,0,0,0,absa_annotation_batch_003.csv,medium,3,0
cfad1b9d-169e-4ec0-a0f3-40bd7081b25d,3sao khi cho mấy shop k uy tín vô,positive,0,0,0,0,0,absa_annotation_batch_003.csv,medium,3,0
6581fa14-e8a1-4749-a581-2adacd1ac001,Lừa đảo giựt cô hồn gì chưa 1s đã hết món,negative,0,0,0,0,0,absa_annotation_batch_003.csv,medium,3,0
49d9db20-833d-43e3-9047-3a39f34c17f4,San pham rat tot,positive,0,0,0,0,0,absa_annotation_batch_003.csv,medium,3,0
72b13d86-ab29-471e-8356-ccb1fa03c286,Hang nhanh phi giam rat tot,positive,0,0,0,0,0,absa_annotation_batch_001.csv,low,2,0
0487e372-14bf-47a5-ba65-8b754954b12a,100000000000000000000000000000000000000000000000000000000000000000000000000000000000000000000000000000000000000000000danh cho TIKI,positive,0,0,0,0,0,absa_annotation_batch_001.csv,low,2,0
936cf1ef-7578-4fe7-bcb7-814d4b2ea734,Giao diện khó dùng. Ít đồ,neutral,0,0,0,0,0,absa_annotation_batch_001.csv,low,2,0
63d77519-c2d6-4e6d-9390-a5f0d49298c7,Giao hang châm,negative,0,0,0,0,0,absa_annotation_batch_001.csv,low,2,0
a08d6f93-038f-4149-902a-de77565bb4fa,"Quảng cáo lắm, đang xem hàng để đặt thì cứ quảng cáo tiki app😓",negative,1,0,0,0,1,absa_annotation_batch_001.csv,low,2,2
38b9212b-1bbd-435e-ba36-512405e98cc1,Xài app thì tốt đấy ổn định nhưng hàng muốn tìm thì ít quá ko nhiều muốn mua thì phải mua bên khác,neutral,1,0,0,0,1,absa_annotation_batch_001.csv,low,2,2
80c7364c-0594-416d-a4d8-81289781d3b0,"Trên tiki mua sách thì siêu rẻ, khỏi phải bàn. Còn những món khác như: mỹ phẩm, hàng điện tử,... thì chẳng rẻ tẹo nào!",neutral,1,1,0,0,0,absa_annotation_batch_001.csv,low,2,2
2a79fafd-2021-4e42-b1a0-01e58f1d607c,"Tôi nói cho mấy bạn dev nghe nè, muốn cạnh tranh với shopee thì làm ăn cho đàng hoàng. Lần nào mở sale vô cũng giật lag tùm lum, mua ko đc gì hết trơn. Sáng nay có event Giựt cô hồn trời ơi nó lag, mở wifi rồi 4g các kiểu ko load nổi. Đừng nói máy tui note10+ mà chậm nghe. Xưa nay tui dùng song song shopee với tiki mà giờ chắc xóa tiki quá. Đừng đổ tiền vào đua với shopee nữa, làm ăn vậy nghỉ giùm cho rồi.",negative,0,1,0,0,1,absa_annotation_batch_001.csv,low,2,2
5abbfdd7-1261-4c98-8dea-3bd140666ba1,Hủy đơn hàng kiểu gì?,neutral,1,0,0,0,1,absa_annotation_batch_001.csv,low,2,2
dfd435cc-d5ba-4480-911f-40665e17a4a3,"Giao hàng không chuyên nghiệp, tự động hủy, bảo giao lại không giao, khi liên hệ lần 2 có đặt hàng lại cho mình rồi hẹn thứ 3 giao, nay sáng 9h35 nhắn tin sẽ giao đến trong vòng 30p thì gọi liên hệ lúc 9h30 3 lần không được. 9h39 đã nhắn tin hủy đơn. Mình cầm điện thoại thoại đâu mà biết nay giao lúc đó. Cạch mặt bọn Tiki",negative,1,0,1,0,0,absa_annotation_batch_001.csv,low,2,2
6e26cbe7-3963-4712-b73b-3160778e24b5,"Cực kì thích tiki, từ những món đồ tui mua cho đến shipper và thời gian giao hàng tất cả đều OK !!",positive,1,0,1,0,0,absa_annotation_batch_001.csv,low,2,2
0e7897ec-9d04-4ee2-bee4-f1c584535cca,Sao hk có chổ hủy đơn hàng zậy ạ,neutral,1,0,0,0,1,absa_annotation_batch_001.csv,low,2,2
55231634-31de-47f8-9e80-c723c632b20b,Đặt hàng toàn bị hủy thanh toán thì toàn bắt thanh toán trước,negative,1,0,0,0,1,absa_annotation_batch_001.csv,low,2,2
744459a2-b051-41ca-ac51-65d6553e6647,Càng ngày càng như qq giao hàng thì trể liên hệ thì chả biết chát trực tiếp ở đâu😡😡,negative,1,0,1,0,0,absa_annotation_batch_001.csv,low,2,2
f95c42a4-94b6-4541-9a39-f846c46298a8,"Mình rất tin tưởng khi mua hàng trên tiki. Ứng dụng tốt, ko đơ giật hay lag ngay cả lúc cao điểm mua sắm.",positive,1,0,0,0,1,absa_annotation_batch_001.csv,low,2,2
0a47162f-0b70-4b21-87b9-ed49f51d99b3,Tốt. Nếu thêm nhiều hàng mới giảm giá nữa thì tuyệt hơn.,positive,1,1,0,0,0,absa_annotation_batch_001.csv,low,2,2
4090144b-cb56-446b-8e52-55f1899e3912,"Đề nghị sendo xem xét lại cách giao hàng cho khách,giao hàng vì mà lâu quá",neutral,1,0,1,0,0,absa_annotation_batch_002.csv,low,2,2
5e83adc4-3997-411f-8cd5-fae959900b7d,Thanh toán tiền mặt sao không được,positive,0,1,0,0,1,absa_annotation_batch_002.csv,low,2,2
c4c66a55-5049-42f3-8d2f-c17173084577,Cho mik hỏi hủy đơn hàng ở đâu,negative,1,0,0,0,1,absa_annotation_batch_002.csv,low,2,2
bc7b7ebf-40a6-4714-a9e7-6a48f3aa3867,"Đáng lẽ đánh giá 5 sao.lúc mới vào rất tốt, đang mua hàng ngon trớn mua lia lịa thì bỗng dưng có nhiều món hàng cứ bị hủy... Nhưng hổng sao. Rồi đến một ngày nọ có món hàng bị hủy mà không chịu hòan tiền lại cho khách, đến nỗi khách phải vừa chờ đợi vừa khiếu nại thật lâu mới được... Còn nữa... Giận nghĩ chơi một thời gian.",positive,1,1,0,0,0,absa_annotation_batch_002.csv,low,2,2
6119eacf-bfa8-4a7b-9946-271f6528319c,rất ýt hàng .và giá thành rất cao so với thị trường.. shoppe vẫn đa dạng hàng hóa và đa dạng giá cả nhất..,neutral,1,1,0,0,0,absa_annotation_batch_002.csv,low,2,2
9ddb9a99-adf3-40c2-a77b-53c1cdef0875,Tiền ship quá đắt,negative,0,1,1,0,0,absa_annotation_batch_002.csv,low,2,2
6759a3ef-127c-4383-a7bb-7fc93dbac9e2,Đặt 1 đơn hàng mà 3 ngày trời không thèm xử lý là đủ hiểu rồi,negative,1,0,0,0,1,absa_annotation_batch_002.csv,low,2,2
09f501c9-e251-47cd-a641-c8e5d935982a,Hàng đắt tiền thì dao ok . Còn hàng rẻ thì giao chậm rồi con dao hàng tùm bậy nửa. Đặt ốp lưng kính cường lực thì lại giao kính cường lực . Bó tay,negative,1,1,0,0,0,absa_annotation_batch_002.csv,low,2,2
a982a96f-c81c-4dac-a85d-1fbf9355ad45,Tiki dạo này xử lý đơn hàng quá lâu,neutral,1,0,0,0,1,absa_annotation_batch_002.csv,low,2,2
2d2c7571-73b2-42d3-b821-f3ab8836bab2,"Đặt hàng cả nửa tháng ko thấy giao , nhắn tin thì shop cũng ko thèm trả lời chán. Thanh toán trước nên muốn giao như thế nào cũng dc hả😡😡😡😡",negative,1,0,0,0,1,absa_annotation_batch_002.csv,low,2,2
2685cadf-d00a-49ef-aa31-356d31bfc16e,hàng đẹp giá tốt tôi rất thích tìm gì cũng có,positive,1,1,0,0,0,absa_annotation_batch_002.csv,low,2,2
4f28506f-2c2f-4d07-8884-b9866012b789,Các sản phẩm đăng bán trên sendo đắt hơn shopi,neutral,1,1,0,0,0,absa_annotation_batch_002.csv,low,2,2
8fece9c7-ad17-4796-91e2-e1c2f8b9fe10,Tải hình đánh giá sản phẩm này nó lại load hình của sản phẩm mình mua trước đó 1 thời gian. Bực bội ghê,neutral,1,1,0,0,0,absa_annotation_batch_002.csv,low,2,2
cfaeb575-ab8f-4adf-b5de-77ece39d35a7,Giao hàng sai yêu cầu,negative,1,0,1,0,0,absa_annotation_batch_002.csv,low,2,2
34998f50-113a-4e0c-bb9f-05457ced4a9a,"khách đặt hàng trả tiền cho vui, đặt xong shop tự hủy kệ mẹ khách hàng 🙄",negative,1,1,0,0,0,absa_annotation_batch_002.csv,low,2,2
57503b14-a12b-408d-88fa-5e0c2694a2b9,"Chưa hoàn thiện về việc trả lại tiền cho khách hàng, đợi chờ quá lâu, cần phải trả ngay cho khách hàng sau khi giải quyết vấn đề xong.",positive,1,1,0,0,0,absa_annotation_batch_002.csv,low,2,2
6434db36-af14-4d7c-88bf-f9b9e86704d7,Ko cho hủy đơn. Ship trả hàng quá chậm và phức tạp. Nhìn như sắp phá sản.,negative,1,0,1,0,0,absa_annotation_batch_002.csv,low,2,2
a9f51b6e-9e7c-42d8-8138-9010a8734cbb,làm thế nào để hủy đơn hàng ạ,negative,1,0,0,0,1,absa_annotation_batch_002.csv,low,2,2
7b6f0399-87d6-4f23-90e6-2fa62dab4d22,Sản phẩm bị lỗi tiki đã đền đáp lại cho minh,positive,1,0,0,0,1,absa_annotation_batch_002.csv,low,2,2
57f3dc9a-3660-42dc-8850-9156f505c862,lần đầu tiên tải và mua hàng bị ship cho đợi nắng 30p gọi lại thì bảo chiều mới giao,negative,1,0,1,0,0,absa_annotation_batch_003.csv,low,2,2
adecd38c-171c-414a-a607-ecb2dfea9f2f,"Tiki giao hàng nhanh, rất tiện cho mấy người hay nôn nóng như mình, về khoản sách thì cứ tiki mà quất thoi.",positive,1,0,1,0,0,absa_annotation_batch_003.csv,low,2,2
6cfb7ca0-6aff-4026-9871-1d5d90ac194c,Bên tiki bán hàng vẫn đắt hơn lazada..Mình mua ruột nồi áp suất 6L .340k. Không mất Síp nhưng so với lazada vẫn mắc hơn 15k. Tuy rằng mất nặng mà vẫn rẻ cũng nồi 6L ionx. Mong bên tiki bán hàng giá cả hợp lí chút,neutral,1,1,0,0,0,absa_annotation_batch_003.csv,low,2,2
a5712f08-95c9-4a15-ac73-fc230a8bb3d1,Tôi cảm thấy tiki khá ổn nhưng app thì làm người khác khó hiểu. Không thể thanh toán qua app . Vậy tiki xu và mã giảm giá để làm gì. Dù tôi đã cập nhật app nhiều lần,neutral,0,1,0,0,1,absa_annotation_batch_003.csv,low,2,2
032f5cd9-38fd-4c62-bf40-b35c65a2c317,Ship rất nhanh và hay sale,positive,0,1,1,0,0,absa_annotation_batch_003.csv,low,2,2
b44be827-f7a5-4e71-9fda-765c02ad8b40,"sản phẩm nhìn đẹp,bắt mắt giao hàng nhanh ,có bảo hành.",positive,1,0,1,0,0,absa_annotation_batch_003.csv,low,2,2
4b54ca06-606b-4f19-ab1b-3f3991a1997e,Shop bán đồ mà tự hủy đơn hàng của khách luôn.bó tay 😡😡😠😠,negative,1,0,0,0,1,absa_annotation_batch_003.csv,low,2,2
2d173064-6877-4b75-8585-0b8bf1c4de14,Cũng đc nhưng ship đắt quá,neutral,0,1,1,0,0,absa_annotation_batch_003.csv,low,2,2
1e4055a0-b0c8-4749-9536-7b929902f18d,Ship quá đắt,neutral,0,1,1,0,0,absa_annotation_batch_003.csv,low,2,2
3a3ceb8e-ffff-4ab0-9aef-488a57c9fa1b,"Trước h mua hàng Tiki đều vì cái chất lượng và sự uy tín. Dạo gần đây chất lượng thì thấp dần, sự uy tín cũng giảm theo. Cách bán hàng của Tiki cũng lạ dần dần, mua sản phẩm mấy chục triệu giao hàng xong phải đợi thêm hơn 1 ngày mới có kĩ thuật tới láp ráp... Nhiều khi giờ tiki còn thua shop**. 2 sao động viên chờ sự thay đổi...",positive,1,0,1,0,0,absa_annotation_batch_003.csv,low,2,2
201e36de-b464-4975-b737-7ced5e69587a,Uy tín Giao Hàng Nhanh ngoài mong đợi. Rất hài lòng.,positive,1,0,1,0,0,absa_annotation_batch_003.csv,low,2,2
9abb131d-6d63-4bc5-a649-d54e4e64941e,ứng dụng rất tốt các mặt hàng đing như hình tuy nhiên chưa đúng như giao trong vòng hai tiếng,positive,1,0,0,0,1,absa_annotation_batch_003.csv,low,2,2
03224474-7f5c-45e9-9efc-49064582a3c7,"thời gian giao hàng quá lâu, muốn nhận hàng phải mấy nửa tháng mà trong lúc đang cần",negative,1,0,1,0,0,absa_annotation_batch_003.csv,low,2,2
5609d7b4-c659-4c41-bb58-da37a6c9567c,Giao hàng quá chậm..,neutral,1,0,1,0,0,absa_annotation_batch_003.csv,low,2,2
2de59458-694b-40a1-a8da-a60682686bae,Mua hay bán hàng gì trên này cũng khó hơn app khác,positive,1,0,0,0,1,absa_annotation_batch_003.csv,low,2,2
4cc7e8d7-0f3d-433e-b01d-fbf6557d30a1,"Nhiều shop bán hàng ba xạo quá, đặt mấy lần không thấy giao. Thất vọng với ứng dụng mua hàng này",negative,1,0,0,0,1,absa_annotation_batch_003.csv,low,2,2
e9939162-7219-4446-a674-fe6b3e9e8775,Mua hàng mà trả trước rồi ko đúng hàng rồi sao nên cho khách kiểm tra hàng rồi mới thanh toán thì sẽ hay hơn ok,neutral,1,0,0,0,1,absa_annotation_batch_003.csv,low,2,2
2a8913fa-b56a-4b26-800e-01353d018264,Em đặt hàng từ hồi T7 mà bây giờ vẫn chưa giao là sao ạ?,neutral,1,0,0,0,0,absa_annotation_batch_001.csv,low,2,1
169b5561-adea-4152-afdd-dd4d94472435,cập nhật xong mất luôn cái tài khoản 😌????,neutral,0,0,0,0,1,absa_annotation_batch_001.csv,low,2,1
9646a499-fb4d-48fa-bfd2-7e1a724148b3,"Ứng dụng chưa nhanh còn chậm, và chưa thể đăng xuất tài khoản khác được.",neutral,0,0,0,0,1,absa_annotation_batch_001.csv,low,2,1
0027fb22-3a9b-4b83-a286-321389ab0431,"Nói bấm là có mà bấm tìm ""vape"" k có nên đánh giá 1* khỏi thắc mắc oce",negative,0,1,0,0,0,absa_annotation_batch_001.csv,low,2,1
22dc1952-4a00-4cbc-8184-e11df9c62a81,Mặt hàng quá ít k bit mua gi,neutral,1,0,0,0,0,absa_annotation_batch_001.csv,low,2,1
66380bd0-5772-404f-978a-7fd031565082,Khắc phục lỗi nhanh,positive,0,0,0,0,1,absa_annotation_batch_001.csv,low,2,1
62f38b57-cf2c-4860-9468-8b0aea4f06e8,Sao hotline k gọi dc. Không thanh toán bằng credit card dc nữa vậy.,neutral,0,0,0,0,1,absa_annotation_batch_001.csv,low,2,1
b5f1895d-03ba-43d7-8c34-ae104bf57b4e,Nói chung không thể nào biết rõ được j vì tìm sản phẩm thấy ít quá,negative,1,0,0,0,0,absa_annotation_batch_001.csv,low,2,1
d649745c-ee39-4930-9bf0-0af8affb3068,không nên tải sendo chắc lượng sp cả vận chuyển củng rất lâu không bjo giao nhanh cho khách người ta đặc tức nhiên cần gấp r,negative,0,0,1,0,0,absa_annotation_batch_001.csv,low,2,1
90b22a05-b5e1-4573-8c50-3346675f2695,Ứng dụng liên tục báo j đấy rất bực bội. Nhưng mở đt ra méo có j. Lần sau phát hiện ra là do con sendo chạy ẩn. Xoá mẹ nó app luôn.,negative,0,0,0,0,1,absa_annotation_batch_001.csv,low,2,1
ec51b259-964d-4eb0-a543-aa35b864887d,Sao tải về mà mở lên trắng bóc màn hình . Xóa đi tải lại 2 lần r vẫn vậy . Oppo n1 lỗi do máy mình hay do app v ak ?,negative,0,0,0,0,1,absa_annotation_batch_001.csv,low,2,1
088571ff-1201-436a-997e-272adbec6fa2,Thuật toán lọc từ khoá tìm kiếm sản phẩm không được thông minh bằng shoppee và lazada,neutral,1,0,0,0,0,absa_annotation_batch_001.csv,low,2,1
8a7215d2-075b-4f57-b8fb-e60d3c20efeb,rất tốt ship vừa phải,positive,0,0,1,0,0,absa_annotation_batch_001.csv,low,2,1
b9f2a80f-c98e-47bf-b8f6-a37d0fd15e42,Tôi chưa mua hàng trên tiki Bao giờ nên tôi chưa dám đặt hàng,positive,1,0,0,0,0,absa_annotation_batch_001.csv,low,2,1
e778d1b2-abfa-4867-8ef3-7be98e7588c1,"Tôi thay điện thoại mới, tải app lại chỉ tới 71% là không tải được nữa , làm sao đây",neutral,0,0,0,0,1,absa_annotation_batch_002.csv,low,2,1
9be4628d-4e9c-46ea-815d-3212766d4e37,Lúc này sao đăng nhập hoài k được,negative,0,0,0,0,1,absa_annotation_batch_002.csv,low,2,1
2457188b-f444-4a85-aed9-10f91263f493,"Ứng dụng quá tệ, càng cập nhật càng tệ. Bó tay",negative,0,0,0,0,1,absa_annotation_batch_002.csv,low,2,1
1218951d-47d5-4586-a759-eb30dfac60c9,"Toàn hàng lậu từ thái lan, đề nghị admin kiểm duyệt lại",negative,1,0,0,0,0,absa_annotation_batch_002.csv,low,2,1
499ab30e-c570-4378-bf2c-83460c750b2a,App lỗi ko vào được khi nâng cấp lên Android 12 trên S21 Ultra. Đã xóa đi cài lại nhiều lần ko đc. Đề nghị nhà phát hành kiểm tra lại,neutral,0,0,0,0,1,absa_annotation_batch_002.csv,low,2,1
d1319e62-e226-4b27-bfb8-eb1ed9fb8343,"cty gì làm ăn lạ lùng v, ủa không có sản phẩm trong kho thì để hết đi chứ, nta đặt hàng để giao trong vòng 1 tuần đời từ t2-t6 h nt báo có vấn đề lưu kho xin hủy đơn ủa v đăng bán làm chi v? mua 2 lần cả 2 lần đều bị làm ăn cho lớn r có mấy vấn đề như này cũng xử lý không xong à?",negative,1,0,0,0,0,absa_annotation_batch_002.csv,low,2,1
bb1522ea-0524-4367-a6f4-970e9f1741a8,Chức năng tìm kiếm sản phẩm quá tệ!,negative,1,0,0,0,0,absa_annotation_batch_002.csv,low,2,1
fb790674-dadc-418a-b514-001d015b5c39,Chất lượng,positive,1,0,0,0,0,absa_annotation_batch_002.csv,low,2,1
a110266b-305d-4210-acd2-788d44c1d5cd,"Giao diện mới không đẹp , có sự trùng lập vs trang bán hàng khác , không còn nét riêng như trước , mình không thích sự thay đổi này",neutral,1,0,0,0,0,absa_annotation_batch_002.csv,low,2,1
e3dbd10f-217f-40fd-9025-177eba02a411,Chất lượng,positive,1,0,0,0,0,absa_annotation_batch_002.csv,low,2,1
3219da60-17c0-4b5d-945e-878e61316bdd,Đặt 4l hàng đều như hình,positive,1,0,0,0,0,absa_annotation_batch_002.csv,low,2,1
63e996c5-862f-4e40-b274-5e4ff9a15863,Nếu các shop gửi đúng size và màu nữa thì ok,positive,1,0,0,0,0,absa_annotation_batch_002.csv,low,2,1
44ed7ae1-4de0-4967-97b1-fbecd6ea5e99,"Đã nhiều lần mua hàng, luôn tin tưởng ủng hộ tiki. nhưng lần này khá thất vọng, tiki giao trễ hơn tg dự kiến đến hai ngày, tính từ lúc đặt là hẳn 1 tuần. hàng lúc nhận bị móp ở hộp, hộp không chắc chắn làm ảnh hưởng sản phẩm ở trong. boxset Another bị móp ở góc còn sách khác thì không có màng co, bìa hơi bẩn.",negative,1,0,0,0,0,absa_annotation_batch_002.csv,low,2,1
467e2799-b767-4b34-9ea4-dd3e17d50d1a,"Lúc trước ok,sau này mua hàng thấy khó chịu quá",negative,1,0,0,0,0,absa_annotation_batch_002.csv,low,2,1
d5536212-381f-48c1-a935-59270cee4ba8,Bán hàng thì phải có tâm đăng một dàn bán một nẻo người ta trả lại thì chan ko cho mua nữa là sao,neutral,1,0,0,0,0,absa_annotation_batch_002.csv,low,2,1
51a16556-675a-4488-98a4-da018d41a390,mình đặt hàng hơn 1 tuần rồi mà tiki vẫn chưa giao về. Muộn so với dự kiến tận 4 ngày và mình khá thất vọng.,negative,1,0,0,0,0,absa_annotation_batch_002.csv,low,2,1
f303768e-122e-4921-a6b2-21d9a5132ae7,hàng hết kho mà vẫn hiện lên còn sản phẩm,negative,1,0,0,0,0,absa_annotation_batch_002.csv,low,2,1
312bad1e-47c1-471e-99c7-edb9949f172e,Hàng về ko nguyên vẹn,neutral,1,0,0,0,0,absa_annotation_batch_002.csv,low,2,1
7d1cb1e9-0ae4-47a1-a798-95e4f8af0bc1,Mua hàng quá phức tạp,negative,1,0,0,0,0,absa_annotation_batch_002.csv,low,2,1
65c600d3-7c93-4060-ba33-089d663da55e,Ko thiết lập địa chỉ nhận hàng được vì hệ thống ko chấp nhận họ tên của khách hàng chỉ 2 chữ @@,negative,1,0,0,0,0,absa_annotation_batch_002.csv,low,2,1
ab19fce9-b788-4139-a33f-236a9f01bdfb,Tiki đc kiểm tra hàng ko,negative,1,0,0,0,0,absa_annotation_batch_002.csv,low,2,1
51fa196f-dee7-4736-96e3-1c76c99760c1,"Khá tốt, nói chung là mình tin tưởng tiki những món muốn mua chính hãng thì tiki là lựa chọn đầu tiên, khuyết điểm của tiki là chưa đa dạng sản phẩm không đáng vào nhu cầu của sinh viên",positive,1,0,0,0,0,absa_annotation_batch_002.csv,low,2,1
b0c116b3-7996-4b6d-a7fc-5a84f7f72a96,tôi rất hài lòng về sản phẩm của sendo,positive,1,0,0,0,0,absa_annotation_batch_002.csv,low,2,1
d5a28f5d-515f-4f0d-8f12-1966185d2387,Cập nhật xong ko vào được,neutral,0,0,0,0,1,absa_annotation_batch_003.csv,low,2,1
03608bb4-24df-4b5b-83c8-9958d682f4d7,"Hàng mua bị hỏng, gửi bảo hành không nhận, lấy lý do là không còn hộp giấy. 
Cái ổ cứng bảo hành 3 năm, mà mới 1,5 năm bị hỏng rồi.",negative,1,0,0,0,0,absa_annotation_batch_003.csv,low,2,1
668e14b4-611c-48fe-994b-958977fb916d,"Mua hàng ở tiki thì ok , mà tìm kiếm thì mất quá nhiều thời gian để tìm ra sp . Mong tiki cải thiện công cụ tìm kiếm chính xác hơn.",neutral,1,0,0,0,0,absa_annotation_batch_003.csv,low,2,1
77711dbe-b115-412f-a3f5-2c4732d73e4c,"Bình nước thủy tinh của Luminac ghi giá 84 nghìn, sao khi tính tiền lại là 99 nghìn?",positive,0,1,0,0,0,absa_annotation_batch_003.csv,low,2,1
78a4ee67-f3d1-43c7-8645-3fb66b2967c6,"Một vài sản phẩm của Shop không đảm bảo chất lượng, không giống giới thiệu, đôi khi rất thất vọng.",neutral,1,0,0,0,0,absa_annotation_batch_003.csv,low,2,1
7a48987d-63f5-4a18-8f13-bdfaa105dfaf,"Cập nhật phiên bản mới là bắt đăng nhập lại tài khoản vậy thì đừng kêu k h cập nhật pb mới, phiền quá đi",negative,0,0,0,0,1,absa_annotation_batch_003.csv,low,2,1
5aed1fd9-d7e1-466d-adb4-792a33a1af69,Toàn là giá đắc đỏ không,negative,0,1,0,0,0,absa_annotation_batch_003.csv,low,2,1
d4d7dda8-27e8-45ac-8023-6c4e6953b995,Tiki rất chất lượng,positive,1,0,0,0,0,absa_annotation_batch_003.csv,low,2,1
933a4a63-ed76-4795-9761-d45b491147eb,hàng oke vl,positive,1,0,0,0,0,absa_annotation_batch_003.csv,low,2,1
f39a01a5-d6ec-4490-b915-1e08f831aad4,không thể đăng kí đăng nhập. mã xác thực gủi nhưng nhập xong còn thời gian mà báo quá hạn,negative,0,0,0,0,1,absa_annotation_batch_003.csv,low,2,1
ffd6548d-913f-4681-a646-8829d568a639,hàng được 😃,neutral,1,0,0,0,0,absa_annotation_batch_003.csv,low,2,1
6462727b-a172-4dce-afdc-e541a02e4922,tạm. giá còn cao,neutral,0,1,0,0,0,absa_annotation_batch_003.csv,low,2,1
225fe03a-c638-4451-88ba-6de5c66ddca4,Điều thứ nhất ko rep nt khách hàng khi khách hàng hỏi về sản phẩm Điều thứ 2 người bán đợi chờ rep rất cáu Thứ 3 ko kèm theo sdt bên dưới dễ liên hệ Ko hài lòng về người bán,negative,1,0,0,0,0,absa_annotation_batch_003.csv,low,2,1
d0a1d78b-dc9f-4075-9f79-7ebae352837d,Tồn tại là không cho đồng kiểm. Trả hàng khó.,neutral,1,0,0,0,0,absa_annotation_batch_003.csv,low,2,1
bafe6347-91c2-4bf1-8297-7e073d1d0880,Toàn giới thiệu free mà ... ko thấy free,neutral,0,0,0,0,0,absa_annotation_batch_001.csv,low,2,0
